budget,class_index,TagID,prototype_f1_mean,linear_f1_mean,linear_minus_prototype_f1,prototype_recall_mean,linear_recall_mean,prototype_precision_mean,linear_precision_mean,unit_count
0,0,1,0.19727613094424812,0.19727613094424812,0.0,0.33155555555555555,0.33155555555555555,0.15847636897952735,0.15847636897952735,5
0,1,2,0.1427717194618156,0.1427717194618156,0.0,0.17466666666666666,0.17466666666666666,0.19964560624148472,0.19964560624148472,5
0,2,3,0.04807692307692308,0.04807692307692308,0.0,0.04444444444444444,0.04444444444444444,0.05235602094240838,0.05235602094240838,5
0,3,4,0.12862949641406257,0.12862949641406257,0.0,0.2613333333333333,0.2613333333333333,0.09070694531074165,0.09070694531074165,5
0,4,5,0.11368884578316396,0.11368884578316396,0.0,0.1728888888888889,0.1728888888888889,0.10823545329817223,0.10823545329817223,5
0,5,6,0.0024920414225909635,0.0024920414225909635,0.0,0.0017777777777777779,0.0017777777777777779,0.004223054035895959,0.004223054035895959,5
0,6,7,0.15268102833922284,0.15268102833922284,0.0,0.10977777777777778,0.10977777777777778,0.412746712803429,0.412746712803429,5
7,0,1,0.10480119100806244,0.04813830194346764,-0.0566628890645948,0.11506666666666664,0.05028888888888888,0.10624928515664847,0.04999285929528963,100
7,1,2,0.09947815157016222,0.15432679175835656,0.05484864018819434,0.09119999999999999,0.14037777777777777,0.12322445864590056,0.19606982114852667,100
7,2,3,0.17237528182791384,0.18395163407784287,0.011576352249929034,0.20222222222222222,0.22455555555555556,0.17172486218105035,0.1635109571486963,100
7,3,4,0.11704109531545298,0.08746641654965653,-0.029574678765796447,0.1265777777777778,0.11477777777777778,0.11928175043555185,0.07559053077894332,100
7,4,5,0.08433011568407409,0.13420309449404552,0.049872978809971436,0.09108888888888889,0.11346666666666666,0.08463943704414971,0.18514235114095753,100
7,5,6,0.1782770862962641,0.1000036507641752,-0.0782734355320889,0.21153333333333332,0.10857777777777777,0.17067870151387105,0.09940729687338008,100
7,6,7,0.13341897339142844,0.17871994233908256,0.04530096894765412,0.14688888888888887,0.18646666666666667,0.1360163935605308,0.1819883024659226,100
10,0,1,0.09416900670574005,0.06857561792086195,-0.0255933887848781,0.10086666666666666,0.0743111111111111,0.10177911551322753,0.07222001700060071,100
10,1,2,0.11173698728084736,0.1506569879684172,0.038920000687569845,0.11588888888888887,0.1564444444444444,0.11728038859793491,0.1932762527394789,100
10,2,3,0.15968201668497806,0.1801162315529276,0.02043421486794955,0.17668888888888887,0.2126666666666667,0.16969536794850304,0.1766042889005509,100
10,3,4,0.12806086142052403,0.08271611288823497,-0.045344748532289064,0.14257777777777775,0.1057333333333333,0.13788255505759467,0.07580185416876067,100
10,4,5,0.09709913382538096,0.1432619215339583,0.046162787708577346,0.09668888888888887,0.13335555555555556,0.1052096703693856,0.1996544384374692,100
10,5,6,0.19261828099259076,0.07992670059561233,-0.11269158039697844,0.22013333333333332,0.08975555555555555,0.19854416977461245,0.08237235208186851,100
10,6,7,0.13083349258531185,0.17763711118103512,0.04680361859572327,0.145,0.19457777777777774,0.13794939703324258,0.18722021115900112,100
20,0,1,0.0814984877098568,0.0812257127984824,-0.0002727749113744099,0.0762222222222222,0.086,0.09842884115903516,0.07915718363895224,100
20,1,2,0.11697043025002818,0.16101453096171686,0.04404410071168868,0.1165111111111111,0.15877777777777777,0.12527530455145236,0.18424303725066637,100
20,2,3,0.1369389507884845,0.1762458316569305,0.039306880868446,0.14817777777777777,0.19755555555555554,0.14283166607604117,0.1665778847876261,100
20,3,4,0.14781356309750165,0.06647956289109488,-0.08133400020640677,0.16342222222222222,0.0754888888888889,0.14977160018524638,0.06291483342688706,100
20,4,5,0.08766966421685175,0.15363327283006872,0.06596360861321697,0.0846222222222222,0.12775555555555554,0.09812664118657163,0.20826512343826165,100
20,5,6,0.22020570843431503,0.09830259335990922,-0.12190311507440581,0.2544444444444444,0.09944444444444445,0.20251534369009658,0.10184778355314107,100
20,6,7,0.15782344673076718,0.21771081501994427,0.059887368289177095,0.1686,0.2360888888888889,0.16043851621007957,0.20721893715221473,100
21,0,1,0.07346304003111406,0.0764053099043913,0.0029422698732772395,0.07017777777777777,0.08199999999999999,0.0881792839022514,0.07308105040913859,100
21,1,2,0.11513247990693923,0.15900516922307664,0.043872689316137414,0.11302222222222222,0.1535111111111111,0.1228917329110716,0.1833271668713185,100
21,2,3,0.14365123733454171,0.17423077651467975,0.030579539180138032,0.15286666666666665,0.19173333333333337,0.1513296592644553,0.1645668058809143,100
21,3,4,0.14051595705442996,0.06738766722422102,-0.07312828983020894,0.1580222222222222,0.0738,0.13563370518420867,0.06423794689178541,100
21,4,5,0.08171811248895305,0.14498160379343467,0.06326349130448161,0.07688888888888888,0.11908888888888888,0.09559123540309378,0.203113796842879,100
21,5,6,0.23296099255738897,0.11367123477738456,-0.11928975778000442,0.27477777777777773,0.11275555555555555,0.2114836188595734,0.11985819593218394,100
21,6,7,0.14832369756889682,0.22624459143105963,0.0779208938621628,0.1568222222222222,0.24653333333333335,0.15023273560413958,0.21218123832667196,100
35,0,1,0.029096437126155034,0.07322517439796636,0.044128737271811325,0.029266666666666667,0.07788888888888888,0.03232551543186272,0.0699198066194764,100
35,1,2,0.1003893899613506,0.17315640861447337,0.07276701865312277,0.0978,0.16248888888888888,0.10911744226846629,0.20153396009250726,100
35,2,3,0.10333725046485641,0.1818461318449802,0.07850888138012378,0.1176888888888889,0.1977333333333333,0.09936959032182187,0.17104958267461093,100
35,3,4,0.13825510935412635,0.055482251367635425,-0.08277285798649092,0.13577777777777778,0.05713333333333334,0.15070831430445844,0.05631552958816417,100
35,4,5,0.04132891185605501,0.16324748999455935,0.12191857813850435,0.03793333333333333,0.13246666666666668,0.04775273988380741,0.22953177802198854,100
35,5,6,0.2420577926251842,0.12132887760069526,-0.12072891502448894,0.3152666666666667,0.12544444444444447,0.20062547321383983,0.12013895104344446,100
35,6,7,0.18305936590684105,0.24442201960589233,0.06136265369905128,0.1835111111111111,0.2712444444444445,0.1934219544123141,0.22437248554567796,100
50,0,1,0.02839549676946127,0.0694864585666471,0.041090961797185833,0.030888888888888886,0.07251111111111111,0.02768616778611084,0.06750594098702979,100
50,1,2,0.10412422632955814,0.16573114779186432,0.061606921462306174,0.09484444444444444,0.1542444444444445,0.13162501630578466,0.20164100287991651,100
50,2,3,0.10876191856078332,0.18286407739212193,0.07410215883133861,0.1213111111111111,0.1996666666666667,0.10531285225109549,0.17147471542189568,100
50,3,4,0.11360413799541746,0.04934410792756513,-0.06426003006785233,0.10993333333333333,0.05137777777777778,0.13047484998227799,0.04916511155267291,100
50,4,5,0.025993789798307024,0.1608843892404013,0.13489059944209428,0.023088888888888888,0.13057777777777776,0.03189474349235735,0.23170391863826967,100
50,5,6,0.2585620428079482,0.110153508186939,-0.1484085346210092,0.34384444444444445,0.1157777777777778,0.21147326781719492,0.10748257554335745,100
50,6,7,0.16337627114552486,0.24470585231618158,0.08132958117065672,0.1617333333333333,0.2739333333333334,0.17659623070490227,0.2227955174158291,100
100,0,1,0.020120010084101712,0.08698241861262312,0.0668624085285214,0.022533333333333336,0.0916,0.019204281476782797,0.08369534674842573,100
100,1,2,0.10559825651189289,0.16629320018995558,0.06069494367806269,0.09266666666666666,0.15164444444444447,0.14066731277866482,0.2042697275794423,100
100,2,3,0.08905090496051163,0.1811863344791955,0.09213542951868386,0.09831111111111111,0.19475555555555563,0.08653074090826136,0.17199040447215946,100
100,3,4,0.11242794007622792,0.049641167898151185,-0.06278677217807674,0.11068888888888889,0.050088888888888884,0.12681402730448676,0.050397612098937616,100
100,4,5,0.014621892301551906,0.16684028283856045,0.15221839053700853,0.012466666666666666,0.13402222222222224,0.01858954717368727,0.24490387679697215,100
100,5,6,0.2532151338721968,0.11899221177373835,-0.13422292209845843,0.3528222222222223,0.1289111111111111,0.20150405439460978,0.11256243619423378,100
100,6,7,0.1746081230336132,0.23990083034616494,0.06529270731255174,0.17468888888888884,0.26771111111111123,0.19285421428161129,0.21853736543184474,100
200,0,1,0.006958749090783882,0.07835959150157049,0.0714008424107866,0.006533333333333333,0.08142222222222222,0.008581873921025693,0.0758919192306356,100
200,1,2,0.09555273510786291,0.16493658579228931,0.0693838506844264,0.08515555555555554,0.14995555555555556,0.11975259443895842,0.20678441302640316,100
200,2,3,0.08836894221779172,0.17780112071180554,0.08943217849401382,0.0959111111111111,0.18971111111111116,0.08842497217866412,0.16932152224172958,100
200,3,4,0.1097972506820027,0.042250130795355334,-0.06754711988664737,0.10351111111111111,0.04148888888888889,0.13315277557756502,0.043514998630677405,100
200,4,5,0.010140966975672632,0.16538803876532399,0.15524707178965136,0.00908888888888889,0.1325777777777778,0.011785803709490308,0.2456336927285831,100
200,5,6,0.269612277202298,0.12270824414899031,-0.1469040330533077,0.37913333333333343,0.13657777777777777,0.21302511171871785,0.1128810142162878,100
200,6,7,0.17415479106457168,0.2375560827469051,0.06340129168233341,0.17662222222222215,0.2644444444444446,0.182759766891245,0.21662990303651186,100
500,0,1,0.00016179435225439855,0.08148076607368454,0.08131897172143014,0.0002,0.08282222222222224,0.00013584869553694208,0.08034581668559618,100
500,1,2,0.0852149121573279,0.1658458021034515,0.08063088994612361,0.07302222222222224,0.14982222222222222,0.11348820170573073,0.21285018776276743,100
500,2,3,0.08152180185740109,0.179254180654735,0.09773237879733392,0.08966666666666664,0.19180000000000008,0.08021705286821418,0.16994768182442319,100
500,3,4,0.1099854001716,0.04353434495703894,-0.06645105521456106,0.09939999999999999,0.04255555555555556,0.14035681469463046,0.04476824133398301,100
500,4,5,0.005995071721919553,0.1663423332986613,0.16034726157674176,0.0054,0.13182222222222226,0.006802770752745257,0.25201755273466037,100
500,5,6,0.27346300344278673,0.125383054088453,-0.14807994935433375,0.3926000000000001,0.14053333333333332,0.2136400260418165,0.114648505605479,100
500,6,7,0.16008829883138806,0.2373427570708334,0.07725445823944535,0.1626444444444444,0.2644444444444446,0.16851026177983758,0.2162974407939926,100
