budget,method,true_class,predicted_class,mean_count_per_unit,row_normalized,unit_count
7,TARGET_ONLY_COSINE_PROTOTYPE,0,0,51.78,0.11506666666666665,100
7,TARGET_ONLY_COSINE_PROTOTYPE,0,1,49.78,0.1106222222222222,100
7,TARGET_ONLY_COSINE_PROTOTYPE,0,2,87.73,0.19495555555555555,100
7,TARGET_ONLY_COSINE_PROTOTYPE,0,3,47.17,0.10482222222222222,100
7,TARGET_ONLY_COSINE_PROTOTYPE,0,4,67.11,0.1491333333333333,100
7,TARGET_ONLY_COSINE_PROTOTYPE,0,5,90.54,0.2012,100
7,TARGET_ONLY_COSINE_PROTOTYPE,0,6,55.89,0.12419999999999999,100
7,TARGET_ONLY_COSINE_PROTOTYPE,1,0,72.87,0.16193333333333332,100
7,TARGET_ONLY_COSINE_PROTOTYPE,1,1,41.04,0.09119999999999999,100
7,TARGET_ONLY_COSINE_PROTOTYPE,1,2,84.21,0.1871333333333333,100
7,TARGET_ONLY_COSINE_PROTOTYPE,1,3,65.49,0.1455333333333333,100
7,TARGET_ONLY_COSINE_PROTOTYPE,1,4,49.61,0.11024444444444442,100
7,TARGET_ONLY_COSINE_PROTOTYPE,1,5,69.86,0.15524444444444443,100
7,TARGET_ONLY_COSINE_PROTOTYPE,1,6,66.92,0.1487111111111111,100
7,TARGET_ONLY_COSINE_PROTOTYPE,2,0,89.78,0.19951111111111114,100
7,TARGET_ONLY_COSINE_PROTOTYPE,2,1,48.78,0.10840000000000001,100
7,TARGET_ONLY_COSINE_PROTOTYPE,2,2,91.0,0.20222222222222225,100
7,TARGET_ONLY_COSINE_PROTOTYPE,2,3,64.96,0.14435555555555557,100
7,TARGET_ONLY_COSINE_PROTOTYPE,2,4,43.75,0.09722222222222224,100
7,TARGET_ONLY_COSINE_PROTOTYPE,2,5,51.78,0.11506666666666668,100
7,TARGET_ONLY_COSINE_PROTOTYPE,2,6,59.95,0.13322222222222224,100
7,TARGET_ONLY_COSINE_PROTOTYPE,3,0,45.13,0.10028888888888891,100
7,TARGET_ONLY_COSINE_PROTOTYPE,3,1,45.98,0.10217777777777778,100
7,TARGET_ONLY_COSINE_PROTOTYPE,3,2,79.27,0.17615555555555557,100
7,TARGET_ONLY_COSINE_PROTOTYPE,3,3,56.96,0.1265777777777778,100
7,TARGET_ONLY_COSINE_PROTOTYPE,3,4,66.19,0.1470888888888889,100
7,TARGET_ONLY_COSINE_PROTOTYPE,3,5,95.76,0.21280000000000004,100
7,TARGET_ONLY_COSINE_PROTOTYPE,3,6,60.71,0.13491111111111112,100
7,TARGET_ONLY_COSINE_PROTOTYPE,4,0,81.92,0.18204444444444445,100
7,TARGET_ONLY_COSINE_PROTOTYPE,4,1,28.97,0.06437777777777777,100
7,TARGET_ONLY_COSINE_PROTOTYPE,4,2,62.87,0.13971111111111112,100
7,TARGET_ONLY_COSINE_PROTOTYPE,4,3,98.58,0.21906666666666666,100
7,TARGET_ONLY_COSINE_PROTOTYPE,4,4,40.99,0.0910888888888889,100
7,TARGET_ONLY_COSINE_PROTOTYPE,4,5,74.11,0.16468888888888888,100
7,TARGET_ONLY_COSINE_PROTOTYPE,4,6,62.56,0.1390222222222222,100
7,TARGET_ONLY_COSINE_PROTOTYPE,5,0,62.48,0.13884444444444444,100
7,TARGET_ONLY_COSINE_PROTOTYPE,5,1,30.78,0.0684,100
7,TARGET_ONLY_COSINE_PROTOTYPE,5,2,70.15,0.1558888888888889,100
7,TARGET_ONLY_COSINE_PROTOTYPE,5,3,70.67,0.15704444444444446,100
7,TARGET_ONLY_COSINE_PROTOTYPE,5,4,39.78,0.0884,100
7,TARGET_ONLY_COSINE_PROTOTYPE,5,5,95.19,0.21153333333333332,100
7,TARGET_ONLY_COSINE_PROTOTYPE,5,6,80.95,0.1798888888888889,100
7,TARGET_ONLY_COSINE_PROTOTYPE,6,0,84.65,0.18811111111111112,100
7,TARGET_ONLY_COSINE_PROTOTYPE,6,1,47.53,0.10562222222222223,100
7,TARGET_ONLY_COSINE_PROTOTYPE,6,2,76.41,0.16979999999999998,100
7,TARGET_ONLY_COSINE_PROTOTYPE,6,3,50.84,0.11297777777777779,100
7,TARGET_ONLY_COSINE_PROTOTYPE,6,4,44.5,0.09888888888888889,100
7,TARGET_ONLY_COSINE_PROTOTYPE,6,5,79.97,0.1777111111111111,100
7,TARGET_ONLY_COSINE_PROTOTYPE,6,6,66.1,0.14688888888888887,100
7,FROZEN_C1_SOURCE_ANCHORED_LINEAR_SOFTMAX,0,0,22.63,0.05028888888888889,100
7,FROZEN_C1_SOURCE_ANCHORED_LINEAR_SOFTMAX,0,1,41.82,0.09293333333333334,100
7,FROZEN_C1_SOURCE_ANCHORED_LINEAR_SOFTMAX,0,2,101.06,0.2245777777777778,100
7,FROZEN_C1_SOURCE_ANCHORED_LINEAR_SOFTMAX,0,3,50.3,0.11177777777777777,100
7,FROZEN_C1_SOURCE_ANCHORED_LINEAR_SOFTMAX,0,4,58.88,0.13084444444444446,100
7,FROZEN_C1_SOURCE_ANCHORED_LINEAR_SOFTMAX,0,5,71.86,0.15968888888888888,100
7,FROZEN_C1_SOURCE_ANCHORED_LINEAR_SOFTMAX,0,6,103.45,0.2298888888888889,100
7,FROZEN_C1_SOURCE_ANCHORED_LINEAR_SOFTMAX,1,0,48.5,0.10777777777777775,100
7,FROZEN_C1_SOURCE_ANCHORED_LINEAR_SOFTMAX,1,1,63.17,0.14037777777777774,100
7,FROZEN_C1_SOURCE_ANCHORED_LINEAR_SOFTMAX,1,2,119.87,0.2663777777777777,100
7,FROZEN_C1_SOURCE_ANCHORED_LINEAR_SOFTMAX,1,3,98.65,0.21922222222222218,100
7,FROZEN_C1_SOURCE_ANCHORED_LINEAR_SOFTMAX,1,4,25.8,0.05733333333333332,100
7,FROZEN_C1_SOURCE_ANCHORED_LINEAR_SOFTMAX,1,5,49.28,0.10951111111111109,100
7,FROZEN_C1_SOURCE_ANCHORED_LINEAR_SOFTMAX,1,6,44.73,0.09939999999999997,100
7,FROZEN_C1_SOURCE_ANCHORED_LINEAR_SOFTMAX,2,0,80.88,0.17973333333333333,100
7,FROZEN_C1_SOURCE_ANCHORED_LINEAR_SOFTMAX,2,1,24.59,0.05464444444444445,100
7,FROZEN_C1_SOURCE_ANCHORED_LINEAR_SOFTMAX,2,2,101.05,0.22455555555555554,100
7,FROZEN_C1_SOURCE_ANCHORED_LINEAR_SOFTMAX,2,3,59.35,0.1318888888888889,100
7,FROZEN_C1_SOURCE_ANCHORED_LINEAR_SOFTMAX,2,4,33.01,0.07335555555555555,100
7,FROZEN_C1_SOURCE_ANCHORED_LINEAR_SOFTMAX,2,5,88.96,0.1976888888888889,100
7,FROZEN_C1_SOURCE_ANCHORED_LINEAR_SOFTMAX,2,6,62.16,0.13813333333333333,100
7,FROZEN_C1_SOURCE_ANCHORED_LINEAR_SOFTMAX,3,0,69.36,0.15413333333333334,100
7,FROZEN_C1_SOURCE_ANCHORED_LINEAR_SOFTMAX,3,1,55.83,0.12406666666666666,100
7,FROZEN_C1_SOURCE_ANCHORED_LINEAR_SOFTMAX,3,2,104.77,0.2328222222222222,100
7,FROZEN_C1_SOURCE_ANCHORED_LINEAR_SOFTMAX,3,3,51.65,0.11477777777777777,100
7,FROZEN_C1_SOURCE_ANCHORED_LINEAR_SOFTMAX,3,4,37.13,0.08251111111111112,100
7,FROZEN_C1_SOURCE_ANCHORED_LINEAR_SOFTMAX,3,5,47.98,0.10662222222222222,100
7,FROZEN_C1_SOURCE_ANCHORED_LINEAR_SOFTMAX,3,6,83.28,0.18506666666666666,100
7,FROZEN_C1_SOURCE_ANCHORED_LINEAR_SOFTMAX,4,0,49.84,0.11075555555555557,100
7,FROZEN_C1_SOURCE_ANCHORED_LINEAR_SOFTMAX,4,1,51.79,0.1150888888888889,100
7,FROZEN_C1_SOURCE_ANCHORED_LINEAR_SOFTMAX,4,2,71.53,0.15895555555555554,100
7,FROZEN_C1_SOURCE_ANCHORED_LINEAR_SOFTMAX,4,3,115.08,0.2557333333333333,100
7,FROZEN_C1_SOURCE_ANCHORED_LINEAR_SOFTMAX,4,4,51.06,0.11346666666666667,100
7,FROZEN_C1_SOURCE_ANCHORED_LINEAR_SOFTMAX,4,5,57.15,0.127,100
7,FROZEN_C1_SOURCE_ANCHORED_LINEAR_SOFTMAX,4,6,53.55,0.119,100
7,FROZEN_C1_SOURCE_ANCHORED_LINEAR_SOFTMAX,5,0,72.15,0.16033333333333336,100
7,FROZEN_C1_SOURCE_ANCHORED_LINEAR_SOFTMAX,5,1,45.85,0.1018888888888889,100
7,FROZEN_C1_SOURCE_ANCHORED_LINEAR_SOFTMAX,5,2,29.82,0.06626666666666668,100
7,FROZEN_C1_SOURCE_ANCHORED_LINEAR_SOFTMAX,5,3,166.97,0.3710444444444445,100
7,FROZEN_C1_SOURCE_ANCHORED_LINEAR_SOFTMAX,5,4,45.2,0.10044444444444446,100
7,FROZEN_C1_SOURCE_ANCHORED_LINEAR_SOFTMAX,5,5,48.86,0.10857777777777779,100
7,FROZEN_C1_SOURCE_ANCHORED_LINEAR_SOFTMAX,5,6,41.15,0.09144444444444445,100
7,FROZEN_C1_SOURCE_ANCHORED_LINEAR_SOFTMAX,6,0,104.11,0.23135555555555556,100
7,FROZEN_C1_SOURCE_ANCHORED_LINEAR_SOFTMAX,6,1,25.18,0.05595555555555556,100
7,FROZEN_C1_SOURCE_ANCHORED_LINEAR_SOFTMAX,6,2,56.35,0.12522222222222223,100
7,FROZEN_C1_SOURCE_ANCHORED_LINEAR_SOFTMAX,6,3,97.59,0.21686666666666668,100
7,FROZEN_C1_SOURCE_ANCHORED_LINEAR_SOFTMAX,6,4,19.56,0.04346666666666666,100
7,FROZEN_C1_SOURCE_ANCHORED_LINEAR_SOFTMAX,6,5,63.3,0.14066666666666666,100
7,FROZEN_C1_SOURCE_ANCHORED_LINEAR_SOFTMAX,6,6,83.91,0.18646666666666667,100
35,TARGET_ONLY_COSINE_PROTOTYPE,0,0,13.17,0.029266666666666667,100
35,TARGET_ONLY_COSINE_PROTOTYPE,0,1,74.82,0.16626666666666665,100
35,TARGET_ONLY_COSINE_PROTOTYPE,0,2,101.37,0.22526666666666667,100
35,TARGET_ONLY_COSINE_PROTOTYPE,0,3,28.57,0.06348888888888889,100
35,TARGET_ONLY_COSINE_PROTOTYPE,0,4,93.6,0.208,100
35,TARGET_ONLY_COSINE_PROTOTYPE,0,5,42.05,0.09344444444444444,100
35,TARGET_ONLY_COSINE_PROTOTYPE,0,6,96.42,0.21426666666666666,100
35,TARGET_ONLY_COSINE_PROTOTYPE,1,0,41.29,0.09175555555555556,100
35,TARGET_ONLY_COSINE_PROTOTYPE,1,1,44.01,0.09780000000000001,100
35,TARGET_ONLY_COSINE_PROTOTYPE,1,2,103.86,0.23080000000000003,100
35,TARGET_ONLY_COSINE_PROTOTYPE,1,3,36.67,0.0814888888888889,100
35,TARGET_ONLY_COSINE_PROTOTYPE,1,4,36.82,0.08182222222222223,100
35,TARGET_ONLY_COSINE_PROTOTYPE,1,5,145.03,0.32228888888888896,100
35,TARGET_ONLY_COSINE_PROTOTYPE,1,6,42.32,0.09404444444444446,100
35,TARGET_ONLY_COSINE_PROTOTYPE,2,0,65.41,0.14535555555555554,100
35,TARGET_ONLY_COSINE_PROTOTYPE,2,1,65.93,0.14651111111111112,100
35,TARGET_ONLY_COSINE_PROTOTYPE,2,2,52.96,0.11768888888888888,100
35,TARGET_ONLY_COSINE_PROTOTYPE,2,3,74.26,0.16502222222222224,100
35,TARGET_ONLY_COSINE_PROTOTYPE,2,4,59.61,0.13246666666666668,100
35,TARGET_ONLY_COSINE_PROTOTYPE,2,5,92.95,0.20655555555555558,100
35,TARGET_ONLY_COSINE_PROTOTYPE,2,6,38.88,0.0864,100
35,TARGET_ONLY_COSINE_PROTOTYPE,3,0,35.11,0.07802222222222223,100
35,TARGET_ONLY_COSINE_PROTOTYPE,3,1,39.55,0.08788888888888889,100
35,TARGET_ONLY_COSINE_PROTOTYPE,3,2,88.8,0.19733333333333336,100
35,TARGET_ONLY_COSINE_PROTOTYPE,3,3,61.1,0.1357777777777778,100
35,TARGET_ONLY_COSINE_PROTOTYPE,3,4,90.96,0.20213333333333333,100
35,TARGET_ONLY_COSINE_PROTOTYPE,3,5,77.21,0.17157777777777777,100
35,TARGET_ONLY_COSINE_PROTOTYPE,3,6,57.27,0.1272666666666667,100
35,TARGET_ONLY_COSINE_PROTOTYPE,4,0,66.5,0.14777777777777779,100
35,TARGET_ONLY_COSINE_PROTOTYPE,4,1,42.89,0.09531111111111111,100
35,TARGET_ONLY_COSINE_PROTOTYPE,4,2,47.18,0.10484444444444445,100
35,TARGET_ONLY_COSINE_PROTOTYPE,4,3,108.94,0.24208888888888888,100
35,TARGET_ONLY_COSINE_PROTOTYPE,4,4,17.07,0.03793333333333333,100
35,TARGET_ONLY_COSINE_PROTOTYPE,4,5,124.82,0.2773777777777778,100
35,TARGET_ONLY_COSINE_PROTOTYPE,4,6,42.6,0.09466666666666668,100
35,TARGET_ONLY_COSINE_PROTOTYPE,5,0,61.85,0.13744444444444445,100
35,TARGET_ONLY_COSINE_PROTOTYPE,5,1,79.92,0.1776,100
35,TARGET_ONLY_COSINE_PROTOTYPE,5,2,28.99,0.06442222222222221,100
35,TARGET_ONLY_COSINE_PROTOTYPE,5,3,55.98,0.1244,100
35,TARGET_ONLY_COSINE_PROTOTYPE,5,4,30.56,0.0679111111111111,100
35,TARGET_ONLY_COSINE_PROTOTYPE,5,5,141.87,0.3152666666666667,100
35,TARGET_ONLY_COSINE_PROTOTYPE,5,6,50.83,0.11295555555555555,100
35,TARGET_ONLY_COSINE_PROTOTYPE,6,0,95.85,0.21299999999999997,100
35,TARGET_ONLY_COSINE_PROTOTYPE,6,1,44.34,0.09853333333333333,100
35,TARGET_ONLY_COSINE_PROTOTYPE,6,2,50.86,0.1130222222222222,100
35,TARGET_ONLY_COSINE_PROTOTYPE,6,3,59.42,0.13204444444444444,100
35,TARGET_ONLY_COSINE_PROTOTYPE,6,4,25.92,0.0576,100
35,TARGET_ONLY_COSINE_PROTOTYPE,6,5,91.03,0.20228888888888888,100
35,TARGET_ONLY_COSINE_PROTOTYPE,6,6,82.58,0.1835111111111111,100
35,FROZEN_C1_SOURCE_ANCHORED_LINEAR_SOFTMAX,0,0,35.05,0.0778888888888889,100
35,FROZEN_C1_SOURCE_ANCHORED_LINEAR_SOFTMAX,0,1,56.05,0.12455555555555556,100
35,FROZEN_C1_SOURCE_ANCHORED_LINEAR_SOFTMAX,0,2,96.72,0.21493333333333337,100
35,FROZEN_C1_SOURCE_ANCHORED_LINEAR_SOFTMAX,0,3,31.37,0.06971111111111113,100
35,FROZEN_C1_SOURCE_ANCHORED_LINEAR_SOFTMAX,0,4,57.71,0.12824444444444447,100
35,FROZEN_C1_SOURCE_ANCHORED_LINEAR_SOFTMAX,0,5,55.16,0.12257777777777779,100
35,FROZEN_C1_SOURCE_ANCHORED_LINEAR_SOFTMAX,0,6,117.94,0.2620888888888889,100
35,FROZEN_C1_SOURCE_ANCHORED_LINEAR_SOFTMAX,1,0,44.95,0.0998888888888889,100
35,FROZEN_C1_SOURCE_ANCHORED_LINEAR_SOFTMAX,1,1,73.12,0.1624888888888889,100
35,FROZEN_C1_SOURCE_ANCHORED_LINEAR_SOFTMAX,1,2,125.56,0.2790222222222222,100
35,FROZEN_C1_SOURCE_ANCHORED_LINEAR_SOFTMAX,1,3,69.33,0.15406666666666666,100
35,FROZEN_C1_SOURCE_ANCHORED_LINEAR_SOFTMAX,1,4,17.06,0.03791111111111111,100
35,FROZEN_C1_SOURCE_ANCHORED_LINEAR_SOFTMAX,1,5,64.99,0.1444222222222222,100
35,FROZEN_C1_SOURCE_ANCHORED_LINEAR_SOFTMAX,1,6,54.99,0.1222,100
35,FROZEN_C1_SOURCE_ANCHORED_LINEAR_SOFTMAX,2,0,96.51,0.21446666666666667,100
35,FROZEN_C1_SOURCE_ANCHORED_LINEAR_SOFTMAX,2,1,33.16,0.07368888888888889,100
35,FROZEN_C1_SOURCE_ANCHORED_LINEAR_SOFTMAX,2,2,88.98,0.19773333333333334,100
35,FROZEN_C1_SOURCE_ANCHORED_LINEAR_SOFTMAX,2,3,24.34,0.05408888888888889,100
35,FROZEN_C1_SOURCE_ANCHORED_LINEAR_SOFTMAX,2,4,23.72,0.05271111111111111,100
35,FROZEN_C1_SOURCE_ANCHORED_LINEAR_SOFTMAX,2,5,117.45,0.261,100
35,FROZEN_C1_SOURCE_ANCHORED_LINEAR_SOFTMAX,2,6,65.84,0.14631111111111111,100
35,FROZEN_C1_SOURCE_ANCHORED_LINEAR_SOFTMAX,3,0,89.94,0.1998666666666667,100
35,FROZEN_C1_SOURCE_ANCHORED_LINEAR_SOFTMAX,3,1,98.25,0.21833333333333335,100
35,FROZEN_C1_SOURCE_ANCHORED_LINEAR_SOFTMAX,3,2,73.95,0.16433333333333336,100
35,FROZEN_C1_SOURCE_ANCHORED_LINEAR_SOFTMAX,3,3,25.71,0.05713333333333334,100
35,FROZEN_C1_SOURCE_ANCHORED_LINEAR_SOFTMAX,3,4,28.88,0.06417777777777778,100
35,FROZEN_C1_SOURCE_ANCHORED_LINEAR_SOFTMAX,3,5,30.64,0.0680888888888889,100
35,FROZEN_C1_SOURCE_ANCHORED_LINEAR_SOFTMAX,3,6,102.63,0.2280666666666667,100
35,FROZEN_C1_SOURCE_ANCHORED_LINEAR_SOFTMAX,4,0,48.87,0.10859999999999999,100
35,FROZEN_C1_SOURCE_ANCHORED_LINEAR_SOFTMAX,4,1,45.07,0.10015555555555555,100
35,FROZEN_C1_SOURCE_ANCHORED_LINEAR_SOFTMAX,4,2,66.59,0.1479777777777778,100
35,FROZEN_C1_SOURCE_ANCHORED_LINEAR_SOFTMAX,4,3,98.11,0.21802222222222223,100
35,FROZEN_C1_SOURCE_ANCHORED_LINEAR_SOFTMAX,4,4,59.61,0.13246666666666668,100
35,FROZEN_C1_SOURCE_ANCHORED_LINEAR_SOFTMAX,4,5,71.64,0.1592,100
35,FROZEN_C1_SOURCE_ANCHORED_LINEAR_SOFTMAX,4,6,60.11,0.13357777777777777,100
35,FROZEN_C1_SOURCE_ANCHORED_LINEAR_SOFTMAX,5,0,82.97,0.18437777777777778,100
35,FROZEN_C1_SOURCE_ANCHORED_LINEAR_SOFTMAX,5,1,63.85,0.1418888888888889,100
35,FROZEN_C1_SOURCE_ANCHORED_LINEAR_SOFTMAX,5,2,10.61,0.023577777777777777,100
35,FROZEN_C1_SOURCE_ANCHORED_LINEAR_SOFTMAX,5,3,123.32,0.2740444444444444,100
35,FROZEN_C1_SOURCE_ANCHORED_LINEAR_SOFTMAX,5,4,89.81,0.19957777777777777,100
35,FROZEN_C1_SOURCE_ANCHORED_LINEAR_SOFTMAX,5,5,56.45,0.12544444444444444,100
35,FROZEN_C1_SOURCE_ANCHORED_LINEAR_SOFTMAX,5,6,22.99,0.051088888888888885,100
35,FROZEN_C1_SOURCE_ANCHORED_LINEAR_SOFTMAX,6,0,113.21,0.2515777777777778,100
35,FROZEN_C1_SOURCE_ANCHORED_LINEAR_SOFTMAX,6,1,40.02,0.08893333333333334,100
35,FROZEN_C1_SOURCE_ANCHORED_LINEAR_SOFTMAX,6,2,49.25,0.10944444444444444,100
35,FROZEN_C1_SOURCE_ANCHORED_LINEAR_SOFTMAX,6,3,59.52,0.13226666666666667,100
35,FROZEN_C1_SOURCE_ANCHORED_LINEAR_SOFTMAX,6,4,10.5,0.023333333333333334,100
35,FROZEN_C1_SOURCE_ANCHORED_LINEAR_SOFTMAX,6,5,55.44,0.12319999999999999,100
35,FROZEN_C1_SOURCE_ANCHORED_LINEAR_SOFTMAX,6,6,122.06,0.27124444444444445,100
100,TARGET_ONLY_COSINE_PROTOTYPE,0,0,10.14,0.022533333333333336,100
100,TARGET_ONLY_COSINE_PROTOTYPE,0,1,69.59,0.15464444444444445,100
100,TARGET_ONLY_COSINE_PROTOTYPE,0,2,110.58,0.24573333333333333,100
100,TARGET_ONLY_COSINE_PROTOTYPE,0,3,21.36,0.047466666666666664,100
100,TARGET_ONLY_COSINE_PROTOTYPE,0,4,93.96,0.20879999999999999,100
100,TARGET_ONLY_COSINE_PROTOTYPE,0,5,44.61,0.09913333333333334,100
100,TARGET_ONLY_COSINE_PROTOTYPE,0,6,99.76,0.2216888888888889,100
100,TARGET_ONLY_COSINE_PROTOTYPE,1,0,37.21,0.0826888888888889,100
100,TARGET_ONLY_COSINE_PROTOTYPE,1,1,41.7,0.09266666666666667,100
100,TARGET_ONLY_COSINE_PROTOTYPE,1,2,117.07,0.26015555555555553,100
100,TARGET_ONLY_COSINE_PROTOTYPE,1,3,29.75,0.0661111111111111,100
100,TARGET_ONLY_COSINE_PROTOTYPE,1,4,45.18,0.1004,100
100,TARGET_ONLY_COSINE_PROTOTYPE,1,5,149.21,0.3315777777777778,100
100,TARGET_ONLY_COSINE_PROTOTYPE,1,6,29.88,0.0664,100
100,TARGET_ONLY_COSINE_PROTOTYPE,2,0,70.74,0.1572,100
100,TARGET_ONLY_COSINE_PROTOTYPE,2,1,71.59,0.15908888888888892,100
100,TARGET_ONLY_COSINE_PROTOTYPE,2,2,44.24,0.09831111111111113,100
100,TARGET_ONLY_COSINE_PROTOTYPE,2,3,70.07,0.1557111111111111,100
100,TARGET_ONLY_COSINE_PROTOTYPE,2,4,45.33,0.10073333333333334,100
100,TARGET_ONLY_COSINE_PROTOTYPE,2,5,112.89,0.2508666666666667,100
100,TARGET_ONLY_COSINE_PROTOTYPE,2,6,35.14,0.0780888888888889,100
100,TARGET_ONLY_COSINE_PROTOTYPE,3,0,22.42,0.04982222222222222,100
100,TARGET_ONLY_COSINE_PROTOTYPE,3,1,29.48,0.0655111111111111,100
100,TARGET_ONLY_COSINE_PROTOTYPE,3,2,106.06,0.23568888888888886,100
100,TARGET_ONLY_COSINE_PROTOTYPE,3,3,49.81,0.11068888888888888,100
100,TARGET_ONLY_COSINE_PROTOTYPE,3,4,97.34,0.2163111111111111,100
100,TARGET_ONLY_COSINE_PROTOTYPE,3,5,96.1,0.21355555555555553,100
100,TARGET_ONLY_COSINE_PROTOTYPE,3,6,48.79,0.10842222222222221,100
100,TARGET_ONLY_COSINE_PROTOTYPE,4,0,68.37,0.15193333333333334,100
100,TARGET_ONLY_COSINE_PROTOTYPE,4,1,36.85,0.08188888888888889,100
100,TARGET_ONLY_COSINE_PROTOTYPE,4,2,42.5,0.09444444444444443,100
100,TARGET_ONLY_COSINE_PROTOTYPE,4,3,122.02,0.27115555555555554,100
100,TARGET_ONLY_COSINE_PROTOTYPE,4,4,5.61,0.012466666666666666,100
100,TARGET_ONLY_COSINE_PROTOTYPE,4,5,130.8,0.29066666666666663,100
100,TARGET_ONLY_COSINE_PROTOTYPE,4,6,43.85,0.09744444444444443,100
100,TARGET_ONLY_COSINE_PROTOTYPE,5,0,70.35,0.1563333333333333,100
100,TARGET_ONLY_COSINE_PROTOTYPE,5,1,62.23,0.13828888888888888,100
100,TARGET_ONLY_COSINE_PROTOTYPE,5,2,20.3,0.04511111111111111,100
100,TARGET_ONLY_COSINE_PROTOTYPE,5,3,55.42,0.12315555555555555,100
100,TARGET_ONLY_COSINE_PROTOTYPE,5,4,35.86,0.07968888888888888,100
100,TARGET_ONLY_COSINE_PROTOTYPE,5,5,158.77,0.3528222222222222,100
100,TARGET_ONLY_COSINE_PROTOTYPE,5,6,47.07,0.10459999999999998,100
100,TARGET_ONLY_COSINE_PROTOTYPE,6,0,104.47,0.23215555555555556,100
100,TARGET_ONLY_COSINE_PROTOTYPE,6,1,22.39,0.04975555555555556,100
100,TARGET_ONLY_COSINE_PROTOTYPE,6,2,53.09,0.11797777777777778,100
100,TARGET_ONLY_COSINE_PROTOTYPE,6,3,70.16,0.1559111111111111,100
100,TARGET_ONLY_COSINE_PROTOTYPE,6,4,14.81,0.03291111111111111,100
100,TARGET_ONLY_COSINE_PROTOTYPE,6,5,106.47,0.2366,100
100,TARGET_ONLY_COSINE_PROTOTYPE,6,6,78.61,0.1746888888888889,100
100,FROZEN_C1_SOURCE_ANCHORED_LINEAR_SOFTMAX,0,0,41.22,0.0916,100
100,FROZEN_C1_SOURCE_ANCHORED_LINEAR_SOFTMAX,0,1,54.36,0.1208,100
100,FROZEN_C1_SOURCE_ANCHORED_LINEAR_SOFTMAX,0,2,94.36,0.2096888888888889,100
100,FROZEN_C1_SOURCE_ANCHORED_LINEAR_SOFTMAX,0,3,39.3,0.08733333333333333,100
100,FROZEN_C1_SOURCE_ANCHORED_LINEAR_SOFTMAX,0,4,51.42,0.11426666666666667,100
100,FROZEN_C1_SOURCE_ANCHORED_LINEAR_SOFTMAX,0,5,55.02,0.12226666666666668,100
100,FROZEN_C1_SOURCE_ANCHORED_LINEAR_SOFTMAX,0,6,114.32,0.2540444444444444,100
100,FROZEN_C1_SOURCE_ANCHORED_LINEAR_SOFTMAX,1,0,44.86,0.09968888888888888,100
100,FROZEN_C1_SOURCE_ANCHORED_LINEAR_SOFTMAX,1,1,68.24,0.15164444444444444,100
100,FROZEN_C1_SOURCE_ANCHORED_LINEAR_SOFTMAX,1,2,123.55,0.27455555555555555,100
100,FROZEN_C1_SOURCE_ANCHORED_LINEAR_SOFTMAX,1,3,73.29,0.1628666666666667,100
100,FROZEN_C1_SOURCE_ANCHORED_LINEAR_SOFTMAX,1,4,14.18,0.03151111111111111,100
100,FROZEN_C1_SOURCE_ANCHORED_LINEAR_SOFTMAX,1,5,63.66,0.14146666666666666,100
100,FROZEN_C1_SOURCE_ANCHORED_LINEAR_SOFTMAX,1,6,62.22,0.13826666666666668,100
100,FROZEN_C1_SOURCE_ANCHORED_LINEAR_SOFTMAX,2,0,95.52,0.21226666666666666,100
100,FROZEN_C1_SOURCE_ANCHORED_LINEAR_SOFTMAX,2,1,35.27,0.07837777777777778,100
100,FROZEN_C1_SOURCE_ANCHORED_LINEAR_SOFTMAX,2,2,87.64,0.19475555555555557,100
100,FROZEN_C1_SOURCE_ANCHORED_LINEAR_SOFTMAX,2,3,16.8,0.037333333333333336,100
100,FROZEN_C1_SOURCE_ANCHORED_LINEAR_SOFTMAX,2,4,23.38,0.05195555555555555,100
100,FROZEN_C1_SOURCE_ANCHORED_LINEAR_SOFTMAX,2,5,123.06,0.2734666666666667,100
100,FROZEN_C1_SOURCE_ANCHORED_LINEAR_SOFTMAX,2,6,68.33,0.15184444444444445,100
100,FROZEN_C1_SOURCE_ANCHORED_LINEAR_SOFTMAX,3,0,84.12,0.18693333333333334,100
100,FROZEN_C1_SOURCE_ANCHORED_LINEAR_SOFTMAX,3,1,92.09,0.20464444444444446,100
100,FROZEN_C1_SOURCE_ANCHORED_LINEAR_SOFTMAX,3,2,77.47,0.17215555555555556,100
100,FROZEN_C1_SOURCE_ANCHORED_LINEAR_SOFTMAX,3,3,22.54,0.050088888888888884,100
100,FROZEN_C1_SOURCE_ANCHORED_LINEAR_SOFTMAX,3,4,31.3,0.06955555555555555,100
100,FROZEN_C1_SOURCE_ANCHORED_LINEAR_SOFTMAX,3,5,37.38,0.08306666666666668,100
100,FROZEN_C1_SOURCE_ANCHORED_LINEAR_SOFTMAX,3,6,105.1,0.23355555555555554,100
100,FROZEN_C1_SOURCE_ANCHORED_LINEAR_SOFTMAX,4,0,42.01,0.09335555555555555,100
100,FROZEN_C1_SOURCE_ANCHORED_LINEAR_SOFTMAX,4,1,41.43,0.09206666666666667,100
100,FROZEN_C1_SOURCE_ANCHORED_LINEAR_SOFTMAX,4,2,64.31,0.14291111111111113,100
100,FROZEN_C1_SOURCE_ANCHORED_LINEAR_SOFTMAX,4,3,98.13,0.21806666666666666,100
100,FROZEN_C1_SOURCE_ANCHORED_LINEAR_SOFTMAX,4,4,60.31,0.13402222222222224,100
100,FROZEN_C1_SOURCE_ANCHORED_LINEAR_SOFTMAX,4,5,84.61,0.18802222222222223,100
100,FROZEN_C1_SOURCE_ANCHORED_LINEAR_SOFTMAX,4,6,59.2,0.13155555555555556,100
100,FROZEN_C1_SOURCE_ANCHORED_LINEAR_SOFTMAX,5,0,82.3,0.18288888888888888,100
100,FROZEN_C1_SOURCE_ANCHORED_LINEAR_SOFTMAX,5,1,63.25,0.14055555555555554,100
100,FROZEN_C1_SOURCE_ANCHORED_LINEAR_SOFTMAX,5,2,10.0,0.022222222222222223,100
100,FROZEN_C1_SOURCE_ANCHORED_LINEAR_SOFTMAX,5,3,125.52,0.2789333333333333,100
100,FROZEN_C1_SOURCE_ANCHORED_LINEAR_SOFTMAX,5,4,91.24,0.20275555555555555,100
100,FROZEN_C1_SOURCE_ANCHORED_LINEAR_SOFTMAX,5,5,58.01,0.12891111111111112,100
100,FROZEN_C1_SOURCE_ANCHORED_LINEAR_SOFTMAX,5,6,19.68,0.04373333333333333,100
100,FROZEN_C1_SOURCE_ANCHORED_LINEAR_SOFTMAX,6,0,108.83,0.24184444444444445,100
100,FROZEN_C1_SOURCE_ANCHORED_LINEAR_SOFTMAX,6,1,40.9,0.09088888888888888,100
100,FROZEN_C1_SOURCE_ANCHORED_LINEAR_SOFTMAX,6,2,49.31,0.10957777777777779,100
100,FROZEN_C1_SOURCE_ANCHORED_LINEAR_SOFTMAX,6,3,54.93,0.12206666666666667,100
100,FROZEN_C1_SOURCE_ANCHORED_LINEAR_SOFTMAX,6,4,10.0,0.022222222222222223,100
100,FROZEN_C1_SOURCE_ANCHORED_LINEAR_SOFTMAX,6,5,65.56,0.1456888888888889,100
100,FROZEN_C1_SOURCE_ANCHORED_LINEAR_SOFTMAX,6,6,120.47,0.2677111111111111,100
500,TARGET_ONLY_COSINE_PROTOTYPE,0,0,0.09,0.00019999999999999998,100
500,TARGET_ONLY_COSINE_PROTOTYPE,0,1,82.85,0.1841111111111111,100
500,TARGET_ONLY_COSINE_PROTOTYPE,0,2,114.59,0.25464444444444445,100
500,TARGET_ONLY_COSINE_PROTOTYPE,0,3,20.81,0.04624444444444444,100
500,TARGET_ONLY_COSINE_PROTOTYPE,0,4,92.4,0.20533333333333334,100
500,TARGET_ONLY_COSINE_PROTOTYPE,0,5,40.86,0.09079999999999999,100
500,TARGET_ONLY_COSINE_PROTOTYPE,0,6,98.4,0.21866666666666668,100
500,TARGET_ONLY_COSINE_PROTOTYPE,1,0,26.95,0.05988888888888889,100
500,TARGET_ONLY_COSINE_PROTOTYPE,1,1,32.86,0.07302222222222222,100
500,TARGET_ONLY_COSINE_PROTOTYPE,1,2,131.61,0.2924666666666667,100
500,TARGET_ONLY_COSINE_PROTOTYPE,1,3,31.13,0.06917777777777778,100
500,TARGET_ONLY_COSINE_PROTOTYPE,1,4,46.11,0.10246666666666666,100
500,TARGET_ONLY_COSINE_PROTOTYPE,1,5,151.01,0.33557777777777775,100
500,TARGET_ONLY_COSINE_PROTOTYPE,1,6,30.33,0.0674,100
500,TARGET_ONLY_COSINE_PROTOTYPE,2,0,67.52,0.15004444444444442,100
500,TARGET_ONLY_COSINE_PROTOTYPE,2,1,66.48,0.14773333333333336,100
500,TARGET_ONLY_COSINE_PROTOTYPE,2,2,40.35,0.08966666666666667,100
500,TARGET_ONLY_COSINE_PROTOTYPE,2,3,66.09,0.14686666666666667,100
500,TARGET_ONLY_COSINE_PROTOTYPE,2,4,51.92,0.11537777777777779,100
500,TARGET_ONLY_COSINE_PROTOTYPE,2,5,119.71,0.2660222222222222,100
500,TARGET_ONLY_COSINE_PROTOTYPE,2,6,37.93,0.08428888888888889,100
500,TARGET_ONLY_COSINE_PROTOTYPE,3,0,21.55,0.04788888888888889,100
500,TARGET_ONLY_COSINE_PROTOTYPE,3,1,20.46,0.04546666666666667,100
500,TARGET_ONLY_COSINE_PROTOTYPE,3,2,108.09,0.2402,100
500,TARGET_ONLY_COSINE_PROTOTYPE,3,3,44.73,0.09939999999999999,100
500,TARGET_ONLY_COSINE_PROTOTYPE,3,4,106.34,0.2363111111111111,100
500,TARGET_ONLY_COSINE_PROTOTYPE,3,5,106.58,0.23684444444444444,100
500,TARGET_ONLY_COSINE_PROTOTYPE,3,6,42.25,0.09388888888888888,100
500,TARGET_ONLY_COSINE_PROTOTYPE,4,0,73.08,0.1624,100
500,TARGET_ONLY_COSINE_PROTOTYPE,4,1,33.8,0.0751111111111111,100
500,TARGET_ONLY_COSINE_PROTOTYPE,4,2,47.37,0.10526666666666666,100
500,TARGET_ONLY_COSINE_PROTOTYPE,4,3,114.43,0.2542888888888889,100
500,TARGET_ONLY_COSINE_PROTOTYPE,4,4,2.43,0.0054,100
500,TARGET_ONLY_COSINE_PROTOTYPE,4,5,136.86,0.30413333333333337,100
500,TARGET_ONLY_COSINE_PROTOTYPE,4,6,42.03,0.0934,100
500,TARGET_ONLY_COSINE_PROTOTYPE,5,0,58.87,0.13082222222222223,100
500,TARGET_ONLY_COSINE_PROTOTYPE,5,1,57.73,0.12828888888888887,100
500,TARGET_ONLY_COSINE_PROTOTYPE,5,2,12.35,0.027444444444444445,100
500,TARGET_ONLY_COSINE_PROTOTYPE,5,3,65.24,0.14497777777777776,100
500,TARGET_ONLY_COSINE_PROTOTYPE,5,4,34.59,0.07686666666666668,100
500,TARGET_ONLY_COSINE_PROTOTYPE,5,5,176.67,0.39259999999999995,100
500,TARGET_ONLY_COSINE_PROTOTYPE,5,6,44.55,0.09899999999999999,100
500,TARGET_ONLY_COSINE_PROTOTYPE,6,0,117.8,0.26177777777777783,100
500,TARGET_ONLY_COSINE_PROTOTYPE,6,1,20.61,0.04580000000000001,100
500,TARGET_ONLY_COSINE_PROTOTYPE,6,2,54.86,0.12191111111111112,100
500,TARGET_ONLY_COSINE_PROTOTYPE,6,3,67.71,0.15046666666666667,100
500,TARGET_ONLY_COSINE_PROTOTYPE,6,4,11.83,0.026288888888888893,100
500,TARGET_ONLY_COSINE_PROTOTYPE,6,5,104.0,0.23111111111111113,100
500,TARGET_ONLY_COSINE_PROTOTYPE,6,6,73.19,0.16264444444444445,100
500,FROZEN_C1_SOURCE_ANCHORED_LINEAR_SOFTMAX,0,0,37.27,0.08282222222222223,100
500,FROZEN_C1_SOURCE_ANCHORED_LINEAR_SOFTMAX,0,1,60.0,0.13333333333333333,100
500,FROZEN_C1_SOURCE_ANCHORED_LINEAR_SOFTMAX,0,2,90.69,0.20153333333333334,100
500,FROZEN_C1_SOURCE_ANCHORED_LINEAR_SOFTMAX,0,3,40.57,0.09015555555555556,100
500,FROZEN_C1_SOURCE_ANCHORED_LINEAR_SOFTMAX,0,4,45.68,0.10151111111111111,100
500,FROZEN_C1_SOURCE_ANCHORED_LINEAR_SOFTMAX,0,5,60.51,0.13446666666666665,100
500,FROZEN_C1_SOURCE_ANCHORED_LINEAR_SOFTMAX,0,6,115.28,0.2561777777777778,100
500,FROZEN_C1_SOURCE_ANCHORED_LINEAR_SOFTMAX,1,0,40.23,0.0894,100
500,FROZEN_C1_SOURCE_ANCHORED_LINEAR_SOFTMAX,1,1,67.42,0.14982222222222222,100
500,FROZEN_C1_SOURCE_ANCHORED_LINEAR_SOFTMAX,1,2,127.09,0.28242222222222224,100
500,FROZEN_C1_SOURCE_ANCHORED_LINEAR_SOFTMAX,1,3,76.95,0.171,100
500,FROZEN_C1_SOURCE_ANCHORED_LINEAR_SOFTMAX,1,4,13.19,0.02931111111111111,100
500,FROZEN_C1_SOURCE_ANCHORED_LINEAR_SOFTMAX,1,5,62.68,0.13928888888888888,100
500,FROZEN_C1_SOURCE_ANCHORED_LINEAR_SOFTMAX,1,6,62.44,0.13875555555555555,100
500,FROZEN_C1_SOURCE_ANCHORED_LINEAR_SOFTMAX,2,0,96.6,0.21466666666666664,100
500,FROZEN_C1_SOURCE_ANCHORED_LINEAR_SOFTMAX,2,1,34.53,0.07673333333333333,100
500,FROZEN_C1_SOURCE_ANCHORED_LINEAR_SOFTMAX,2,2,86.31,0.1918,100
500,FROZEN_C1_SOURCE_ANCHORED_LINEAR_SOFTMAX,2,3,10.57,0.02348888888888889,100
500,FROZEN_C1_SOURCE_ANCHORED_LINEAR_SOFTMAX,2,4,26.11,0.05802222222222222,100
500,FROZEN_C1_SOURCE_ANCHORED_LINEAR_SOFTMAX,2,5,128.86,0.2863555555555556,100
500,FROZEN_C1_SOURCE_ANCHORED_LINEAR_SOFTMAX,2,6,67.02,0.14893333333333333,100
500,FROZEN_C1_SOURCE_ANCHORED_LINEAR_SOFTMAX,3,0,87.62,0.1947111111111111,100
500,FROZEN_C1_SOURCE_ANCHORED_LINEAR_SOFTMAX,3,1,97.51,0.2166888888888889,100
500,FROZEN_C1_SOURCE_ANCHORED_LINEAR_SOFTMAX,3,2,77.75,0.17277777777777778,100
500,FROZEN_C1_SOURCE_ANCHORED_LINEAR_SOFTMAX,3,3,19.15,0.042555555555555555,100
500,FROZEN_C1_SOURCE_ANCHORED_LINEAR_SOFTMAX,3,4,24.71,0.05491111111111111,100
500,FROZEN_C1_SOURCE_ANCHORED_LINEAR_SOFTMAX,3,5,39.86,0.08857777777777778,100
500,FROZEN_C1_SOURCE_ANCHORED_LINEAR_SOFTMAX,3,6,103.4,0.2297777777777778,100
500,FROZEN_C1_SOURCE_ANCHORED_LINEAR_SOFTMAX,4,0,40.58,0.09017777777777779,100
500,FROZEN_C1_SOURCE_ANCHORED_LINEAR_SOFTMAX,4,1,42.83,0.09517777777777779,100
500,FROZEN_C1_SOURCE_ANCHORED_LINEAR_SOFTMAX,4,2,61.81,0.1373555555555556,100
500,FROZEN_C1_SOURCE_ANCHORED_LINEAR_SOFTMAX,4,3,95.86,0.21302222222222225,100
500,FROZEN_C1_SOURCE_ANCHORED_LINEAR_SOFTMAX,4,4,59.32,0.13182222222222223,100
500,FROZEN_C1_SOURCE_ANCHORED_LINEAR_SOFTMAX,4,5,90.4,0.20088888888888892,100
500,FROZEN_C1_SOURCE_ANCHORED_LINEAR_SOFTMAX,4,6,59.2,0.1315555555555556,100
500,FROZEN_C1_SOURCE_ANCHORED_LINEAR_SOFTMAX,5,0,83.66,0.1859111111111111,100
500,FROZEN_C1_SOURCE_ANCHORED_LINEAR_SOFTMAX,5,1,63.01,0.14002222222222221,100
500,FROZEN_C1_SOURCE_ANCHORED_LINEAR_SOFTMAX,5,2,10.0,0.022222222222222223,100
500,FROZEN_C1_SOURCE_ANCHORED_LINEAR_SOFTMAX,5,3,122.01,0.27113333333333334,100
500,FROZEN_C1_SOURCE_ANCHORED_LINEAR_SOFTMAX,5,4,87.88,0.19528888888888887,100
500,FROZEN_C1_SOURCE_ANCHORED_LINEAR_SOFTMAX,5,5,63.24,0.14053333333333334,100
500,FROZEN_C1_SOURCE_ANCHORED_LINEAR_SOFTMAX,5,6,20.2,0.04488888888888889,100
500,FROZEN_C1_SOURCE_ANCHORED_LINEAR_SOFTMAX,6,0,103.71,0.23046666666666665,100
500,FROZEN_C1_SOURCE_ANCHORED_LINEAR_SOFTMAX,6,1,40.4,0.08977777777777778,100
500,FROZEN_C1_SOURCE_ANCHORED_LINEAR_SOFTMAX,6,2,50.8,0.11288888888888889,100
500,FROZEN_C1_SOURCE_ANCHORED_LINEAR_SOFTMAX,6,3,55.21,0.12268888888888889,100
500,FROZEN_C1_SOURCE_ANCHORED_LINEAR_SOFTMAX,6,4,10.0,0.022222222222222223,100
500,FROZEN_C1_SOURCE_ANCHORED_LINEAR_SOFTMAX,6,5,70.88,0.1575111111111111,100
500,FROZEN_C1_SOURCE_ANCHORED_LINEAR_SOFTMAX,6,6,119.0,0.2644444444444444,100
