contrast,lambda_max,endpoint,point_estimate,lower_95,upper_95,paired_unit,unit_contrasts,replicates,rng_seed,contrast_specific_seed_offset
A1-A0,0.01,familiar_validation_macro_f1,-0.0009164676581658056,-0.015431816953616473,0.01315970737772822,fold_x_seed,"[0.010880647814129396,0.016707205139330217,0.014970947130468704,0.04908457589149348,-0.022406026889523478,0.044617627095847545,-0.026119301833061714,-0.016968757585512556,-0.049763594426034785,-0.041426699341642836,-0.021374550218160815,-0.006043394374303956,-0.01226918968776114,0.019884510917855036,0.026478985494389817]",10000,20260809,False
A1-A0,0.01,position_probe_macro_f1,0.009296879203418713,0.0008700666352923318,0.01833807105908781,fold_x_seed,"[0.004813519813519962,0.0,-0.019172494172494003,0.042757020819981784,0.0,0.0,0.0,-0.004748362811323625,0.0,0.009561697519723467,0.038780451053418985,0.02419136419136414,0.033993569042736316,0.0163212672098082,-0.007044844615454515]",10000,20260809,False
A1-A0,0.01,tagid_probe_macro_f1,-0.005150205225835475,-0.01905091468599872,0.008135618194441707,fold_x_seed,"[0.0034260977118119873,0.0,0.005874601588887252,-0.01118024832310549,0.011368631368631366,-0.02897435897435896,0.0006260406260406581,0.029436436579293762,-0.009649836624626484,-0.000736882165453534,0.006748219101160302,0.04802689374117941,-0.061263960129506384,-0.018370457740205626,-0.05258425514728038]",10000,20260809,False
A2-A0,0.01,familiar_validation_macro_f1,0.0022766356945457663,-0.006942387517348498,0.011360719967693987,fold_x_seed,"[0.016166765016773166,0.011000476402386439,0.017377021212994948,0.034515942645719416,-0.00817465651393573,0.012780798094106705,-0.008904768900186155,0.024049714538246114,-0.02567398228404605,-0.01688971698157088,-0.02967478843576382,0.02286932320445534,-0.006157832500710642,-0.003195657598875079,-0.005939102481407277]",10000,20260809,False
A2-A0,0.01,position_probe_macro_f1,0.0007308109732691026,-0.008600974299346843,0.010286106402584844,fold_x_seed,"[-0.00962703962703948,0.0,-0.018933733122615592,0.023502941565902602,0.004753801690840831,0.0,-0.03810604218998992,-0.009496725622647362,0.0,-0.004715913694926854,0.019265928895675133,0.038436563121758915,0.024231294385396396,0.0,-0.01834891080331813]",10000,20260809,False
A2-A0,0.01,tagid_probe_macro_f1,-0.006259119654077631,-0.02024099381011144,0.005900321939187476,fold_x_seed,"[-1.823573252143773e-05,-0.06973439259153544,0.025694622837479975,-0.0004206904206904283,0.010859616573902248,0.010225013082155954,0.013829979544265264,-0.021777587491873196,-0.011619990653604029,-0.05763902763902759,0.014560677417820245,0.006369186369186375,0.007721634108188685,0.0019551876694733905,-0.02389278788438448]",10000,20260809,False
A2-A1,0.01,familiar_validation_macro_f1,0.003193103352711572,-0.007546888786886509,0.013947084229000912,fold_x_seed,"[0.00528611720264377,-0.005706728736943778,0.002406074082526244,-0.014568633245774065,0.014231370375587749,-0.03183682900174084,0.01721453293287556,0.04101847212375867,0.024089612141988737,0.024536982360071957,-0.008300238217603007,0.028912717578759295,0.006111357187050498,-0.023080168516730115,-0.032418087975797094]",10000,20260809,False
A2-A1,0.01,position_probe_macro_f1,-0.00856606823014961,-0.014897623512459922,-0.0026818260313979324,fold_x_seed,"[-0.014440559440559442,0.0,0.00023876104987841096,-0.01925407925407918,0.004753801690840831,0.0,-0.03810604218998992,-0.004748362811323736,0.0,-0.014277611214650321,-0.019514522157743852,0.014245198930394776,-0.00976227465733992,-0.0163212672098082,-0.011304066187863615]",10000,20260809,False
A2-A1,0.01,tagid_probe_macro_f1,-0.0011089144282421563,-0.020390102723296,0.01741241715023228,fold_x_seed,"[-0.003444333444333425,-0.06973439259153544,0.019820021248592723,0.010759557902415062,-0.0005090147947291179,0.039199372056514914,0.013203938918224606,-0.05121402407116696,-0.0019701540289775443,-0.056902145473574056,0.007812458316659943,-0.041657707371993036,0.06898559423769507,0.020325645409679016,0.028691467262895898]",10000,20260809,False
A1-A0,0.03,familiar_validation_macro_f1,0.009579858165755269,-0.001953130437816181,0.02199174610757534,fold_x_seed,"[0.0025639453609056506,-0.003067531796985268,0.014817502360612245,0.06689009904128485,0.021863373585290224,0.04426360184698347,0.021487528373316966,-0.0014315015691512833,-0.028381657853362774,-0.020489632495801102,0.005072870643464178,0.014975493493821157,0.016698315175658673,0.008906756234297597,-0.02047128991400554]",10000,20260809,False
A1-A0,0.03,position_probe_macro_f1,0.0063345849113626874,-0.0007682007101534964,0.013825665001427435,fold_x_seed,"[0.004921744921744908,0.0,-0.023986013986013743,0.042757020819981784,-2.160818950380783e-05,0.0,0.00953461361856156,0.0,0.0,0.009561697519723467,0.019074666116639882,0.014570207318363892,0.014745742752936053,-0.007669556676080824,0.011530259454087144]",10000,20260809,False
A1-A0,0.03,tagid_probe_macro_f1,0.003995375142655107,-0.007455809885398555,0.01587203798748468,fold_x_seed,"[0.05471369899941331,-0.0409942438513867,0.022818609961467062,0.029600241028812452,0.004634254634254598,-0.0038818324532610693,-0.01395540279662344,0.016890886890886886,-0.010077597472555433,-0.031383378526235656,0.006911184054041203,0.0003215831787259926,-0.0012253013093349308,0.021165039442350375,0.0043928853592719586]",10000,20260809,False
A2-A0,0.03,familiar_validation_macro_f1,0.005237759266199143,-0.006655206552497954,0.01631184844627901,fold_x_seed,"[0.021526178131393015,0.01923187400501103,0.011422531846648931,0.03551580309768593,-0.016248131883195516,0.003334731650446565,0.007761276681026885,-0.0038298165907812987,-0.044482444233416074,0.039301814541668034,-0.035166211905993505,0.02245383191819117,-0.004468453786009879,0.019428246275790484,0.0027851592445213846]",10000,20260809,False
A2-A0,0.03,position_probe_macro_f1,0.0011486430587399176,-0.011312533335083714,0.012240433377081935,fold_x_seed,"[0.004921744921744908,-0.03811684628474199,-0.05237799258786213,0.042757020819981784,0.0,0.0,-0.014342546279585311,0.004748362811323736,0.0,0.004802493781506878,-0.005091695427624443,0.02412642912642904,0.024469759518926826,0.0,0.02133291548099947]",10000,20260809,False
A2-A0,0.03,tagid_probe_macro_f1,-0.005233689157174343,-0.020691880836496052,0.010179321454586818,fold_x_seed,"[0.053853923853923846,-0.05707467136038566,0.01111980652891753,-0.008779474493760209,0.014245119959405667,-0.011635348778205906,0.006248837407616725,0.01906617192331478,-0.02274299463375093,-0.0013191570334427638,-0.019000047571476164,0.04033173176030319,-0.042950382950382976,-0.00023547880690738543,-0.059633373162784886]",10000,20260809,False
A2-A1,0.03,familiar_validation_macro_f1,-0.004342098899556126,-0.018007639988359612,0.010074294496637777,fold_x_seed,"[0.018962232770487364,0.022299405801996297,-0.0033949705139633135,-0.03137429594359892,-0.03811150546848574,-0.040928870196536904,-0.013726251692290081,-0.0023983150216300153,-0.0161007863800533,0.059791447037469136,-0.04023908254945768,0.007478338424370012,-0.021166768961668553,0.010521490041492887,0.023256449158526926]",10000,20260809,False
A2-A1,0.03,position_probe_macro_f1,-0.00518594185262277,-0.01315958986290434,0.0019950274980476443,fold_x_seed,"[0.0,-0.03811684628474199,-0.02839197860184839,0.0,2.160818950380783e-05,0.0,-0.02387715989814687,0.004748362811323736,0.0,-0.004759203738216589,-0.024166361544264325,0.009556221808065146,0.009724016765990773,0.007669556676080824,0.009802656026912326]",10000,20260809,False
A2-A1,0.03,tagid_probe_macro_f1,-0.00922906429982945,-0.02259618476884068,0.004330204605868032,fold_x_seed,"[-0.0008597751454894609,-0.016080427508998962,-0.011698803432549532,-0.03837971552257266,0.009610865325151069,-0.007753516324944837,0.020204240204240165,0.0021752850324278927,-0.012665397161195496,0.030064221492792892,-0.025911231625517367,0.0400101485815772,-0.041725081641048045,-0.02140051824925776,-0.06402625852205684]",10000,20260809,False
A1-A0,0.1,familiar_validation_macro_f1,0.0034704749686835217,-0.006672002947504672,0.013131601386060574,fold_x_seed,"[-0.0056838000421208235,0.02102664582933292,-0.0015527045919063176,0.030307652379895383,-0.003136201480479217,0.009009102585085693,-0.004781159731538642,0.007686171025143018,-0.027913738416446676,-0.02802536538948497,-0.027154292517255763,0.02483268638473335,0.029931439687771316,0.02128813038990718,0.006222558417616375]",10000,20260809,False
A1-A0,0.1,position_probe_macro_f1,0.004445141399639763,-0.007229396327306268,0.016390443304955427,fold_x_seed,"[-0.009388278577161069,0.0,-0.04291375291375288,0.0,0.014277611214650321,0.0,0.0,0.014353313542196044,-0.01905842314237094,0.009561697519723467,-0.004632987150149703,0.03362322841335885,0.05777330792740998,-0.018525599946311866,0.03160700410700423]",10000,20260809,False
A1-A0,0.1,tagid_probe_macro_f1,-0.010519509124551137,-0.02500171328826791,0.0035007011196086764,fold_x_seed,"[0.03489502560931135,-0.04305440591154877,0.006519829376972208,-0.013364096221239075,0.010125905840191546,-0.060063428634857224,0.009135197202424117,0.023226931798360412,-0.04444232704736903,-0.001405261405261371,0.008897078644977796,0.006320346320346282,-0.04825419211973836,-0.00489621489621489,-0.041433025424622044]",10000,20260809,False
A2-A0,0.1,familiar_validation_macro_f1,0.0007052333863633371,-0.012514609837544429,0.014244350959029787,fold_x_seed,"[0.018977320783611196,0.009789732990127226,0.013764713937213735,0.06605111241521566,-0.024543972885835375,-0.0036122154310504473,-0.03758760274997461,0.015007723852248134,-0.04349735457096526,-0.01523580352146292,-0.017442224170535037,0.026865988264489216,0.019705162355482614,-0.0036392158449820577,-0.014024864628132017]",10000,20260809,False
A2-A0,0.1,position_probe_macro_f1,-0.006806690769456503,-0.019896462379827777,0.00678803695464454,fold_x_seed,"[0.004921744921744908,-0.038176712365594945,-0.0093828765297852,0.038041143957196155,0.004753801690840831,0.0,-0.04764605785592724,0.038149332233279876,-0.03334143640439735,-0.03330895045585913,0.015006151048262417,-0.00916087630778506,0.014875612882806366,0.0,-0.04683123835662917]",10000,20260809,False
A2-A0,0.1,tagid_probe_macro_f1,-0.007685505134863816,-0.026222728835942,0.010966876601783741,fold_x_seed,"[0.07076875505446933,-0.047548483262768976,0.011622108050679453,-0.0031211645497359886,0.013706610849467976,-0.06817055959913101,0.018515030598179716,-0.02159010923716803,-0.025348391104693585,-0.023331906189049012,0.0350863422291994,-0.029937681366252855,-0.06758947401804544,-0.0029231879231878533,0.024579533445079627]",10000,20260809,False
A2-A1,0.1,familiar_validation_macro_f1,-0.0027652415823201846,-0.01200785634198374,0.007131133523462834,fold_x_seed,"[0.02466112082573202,-0.011236912839205693,0.015317418529120053,0.03574346003532028,-0.021407771405356157,-0.01262131801613614,-0.032806443018435966,0.007321552827105116,-0.015583616154518587,0.012789561868022048,0.009712068346720726,0.0020333018797558666,-0.010226277332288702,-0.024927346234889236,-0.02024742304574839]",10000,20260809,False
A2-A1,0.1,position_probe_macro_f1,-0.011251832169096265,-0.02829702245524392,0.006059372806144129,fold_x_seed,"[0.014310023498905977,-0.038176712365594945,0.03353087638396768,0.038041143957196155,-0.00952380952380949,0.0,-0.04764605785592724,0.02379601869108383,-0.014283013262026412,-0.0428706479755826,0.01963913819841212,-0.04278410472114391,-0.04289769504460361,0.018525599946311866,-0.0784382424636334]",10000,20260809,False
A2-A1,0.1,tagid_probe_macro_f1,0.0028340039896873207,-0.010481657193200735,0.01653980407154887,fold_x_seed,"[0.03587372944515799,-0.004494077351220205,0.0051022786737072445,0.010242931671503086,0.0035807050092764303,-0.00810713096427379,0.009379833395755599,-0.04481704103552844,0.019093935942675444,-0.02192664478378764,0.026189263584221606,-0.03625802768659914,-0.019335281898307077,0.0019730269730270367,0.06601255886970167]",10000,20260809,False
A1-A0,0.3,familiar_validation_macro_f1,-0.0008755367774060089,-0.020006046482106767,0.016908994423935578,fold_x_seed,"[-0.004155603701736399,0.03048239430418212,0.014411071279109122,0.06506923579774826,-0.008977175830138628,0.036474526606559365,-0.06157523824732636,-0.009427664596900975,-0.060809789212814186,-0.0021374863539210254,-0.0587993571306831,0.020107036550636392,0.018961616752600496,0.029042312918942992,-0.02179893079734821]",10000,20260809,False
A1-A0,0.3,position_probe_macro_f1,0.013000161724370825,0.0015192945092511235,0.026096165342945184,fold_x_seed,"[0.004813519813519962,0.0,0.004813519813519962,0.014218115029232536,0.03800321912914095,0.0,0.004764605785592901,0.014353313542196044,-0.02382302892796384,0.009561697519723467,0.02893681356655975,0.0382578904047991,0.08160721461440801,-0.018525599946311866,-0.001978854478854597]",10000,20260809,False
A1-A0,0.3,tagid_probe_macro_f1,-0.01983747027621419,-0.03594931343002993,-0.004869241506769149,fold_x_seed,"[0.028724053724053733,-0.017262895834324388,0.013686789401075122,-0.04987615559044131,-0.04545549688406833,-0.06549133406276264,-0.0009549404352588442,-0.015487211201496903,-0.005794387685144009,-0.04984586841729696,0.01664969950684239,-0.015690975690975717,-0.08150051629043228,0.0036896436896436957,-0.012952458372626374]",10000,20260809,False
A2-A0,0.3,familiar_validation_macro_f1,0.016745184230556175,-0.0001602112452068751,0.032303892892312565,fold_x_seed,"[0.001481982265668924,0.01771646494570256,0.012503179713774959,0.046947084263579325,-0.045072673757470066,0.0038894218494897603,0.05386649843604463,0.046685056533905145,-0.055094558749791966,0.026158286720514012,-0.008592176021023579,0.043395203752785605,0.022479617914306277,0.03106598436100022,0.05374839122985686]",10000,20260809,False
A2-A0,0.3,position_probe_macro_f1,0.0003724324327702977,-0.010629302181825295,0.012071648478690045,fold_x_seed,"[-0.00938827857716118,-0.018993451245294724,0.004813519813519962,0.028555222429300753,0.009507603381681662,-0.02379601869108383,-0.014342546279585311,0.014353313542196044,0.0,-0.009475117433143443,-0.029132099468028305,0.009783993343267405,0.03874196868620117,0.04023638876815172,-0.035278011778467455]",10000,20260809,False
A2-A0,0.3,tagid_probe_macro_f1,-0.021070014412340805,-0.036184673653946085,-0.005107895893400066,fold_x_seed,"[-0.04869241869241872,-0.049188906331763455,-0.049321640077942625,-0.028693211550354397,0.01325499896928467,-0.05884448884448887,0.04329210472067621,0.024257647114790032,-0.03411202243135014,-0.06164740021882878,-0.03210023059647121,0.0006771006771006671,-0.026020804592233132,0.010136530136530097,-0.01904747446764249]",10000,20260809,False
A2-A1,0.3,familiar_validation_macro_f1,0.017620721007962185,-0.0013975703317094705,0.03921308605327752,fold_x_seed,"[0.005637585967405323,-0.01276592935847956,-0.0019078915653341633,-0.018122151534168934,-0.03609549792733144,-0.032585104757069605,0.11544173668337099,0.05611272113080612,0.0057152304630222195,0.028295773074435038,0.05020718110965952,0.023288167202149213,0.0035180011617057805,0.002023671442057229,0.07554732202720507]",10000,20260809,False
A2-A1,0.3,position_probe_macro_f1,-0.012627729291600527,-0.025453258782175196,0.0023947037574166352,fold_x_seed,"[-0.014201798390681142,-0.018993451245294724,0.0,0.014337107400068216,-0.02849561574745929,-0.02379601869108383,-0.019107152065178212,0.0,0.02382302892796384,-0.01903681495286691,-0.058068913034588054,-0.028473897061531694,-0.04286524592820684,0.05876198871446359,-0.03329915729961286]",10000,20260809,False
A2-A1,0.3,tagid_probe_macro_f1,-0.0012325441361266214,-0.022052824525712635,0.01852812878924115,fold_x_seed,"[-0.07741647241647245,-0.03192601049743907,-0.06300842947901775,0.021182944040086915,0.058710495853353,0.0066468452182737725,0.044247045155935055,0.039744858316286935,-0.028317634746206133,-0.011801531801531817,-0.048749930103313605,0.016368076368076384,0.05547971169819915,0.006446886446886402,-0.006095016095016115]",10000,20260809,False
A1-A0,1.0,familiar_validation_macro_f1,0.012197176613707212,0.0003723601211364924,0.0235479982811903,fold_x_seed,"[-0.007165075503468621,0.037251791559923864,0.026586607522366024,0.044177156634637255,0.0002403727773421238,0.02336547477226164,0.009465004970200364,0.012513304212568632,-0.03709470118156882,-0.009341694911565335,-0.016664606323585684,0.049210217917982635,0.032479688989713235,0.0071871268009044975,0.010746980967896391]",10000,20260809,False
A1-A0,1.0,position_probe_macro_f1,0.013365101569563099,0.0029288859869897373,0.02390144381311785,fold_x_seed,"[0.004813519813519962,0.0,0.004813519813519962,0.01896647784055605,0.057126614168588,0.0,0.0,0.038149332233279876,-0.02858223266618043,0.009561697519723467,-0.004263393927464887,0.047965774692944496,0.024496769755806502,0.009610983981693244,0.017817460317460232]",10000,20260809,False
A1-A0,1.0,tagid_probe_macro_f1,0.0011162419901915707,-0.013656014192778898,0.015635519203796504,fold_x_seed,"[0.022637204065775463,-0.03477030905602335,-0.008250876108018973,0.03726075045402774,0.03273347101078186,-0.054268700487187904,-0.0015573315573315372,0.03137909709338285,-0.023374030264786516,0.016873126873126865,0.0038609010037581604,0.04923838066695213,-0.025245081715669943,-0.003224711796140367,-0.02654826032977292]",10000,20260809,False
A2-A0,1.0,familiar_validation_macro_f1,-0.047901316652485655,-0.07651921843108439,-0.019126091202320648,fold_x_seed,"[-0.002875463953352475,-0.04165769734857094,-0.08796844467540704,-0.015793988719743468,-0.007350423157790387,-0.11516033630759612,-0.13461427925963637,-0.06591294596166963,-0.05917862739877677,-0.149784405297805,-0.03512354953347674,0.0840840334965941,-0.0001456557079088927,-0.054696490941642556,-0.03234147502050261]",10000,20260809,False
A2-A0,1.0,position_probe_macro_f1,0.017650489764043265,-0.00064691359072981,0.03634722852667133,fold_x_seed,"[0.04777618675519979,-0.014201798390681142,0.01444015239817864,0.019015206763363324,-0.033384652783404856,0.02382302892796384,-0.00951840747643351,0.061972361161243716,-0.04767314175708959,-0.014255929360864172,0.019786962975983147,0.07641806356497216,0.005411336376555886,0.040333736117342256,0.07481424118831947]",10000,20260809,False
A2-A0,1.0,tagid_probe_macro_f1,-0.036191659291615046,-0.06482339174372566,-0.0033547762940288684,fold_x_seed,"[-0.07109132230980969,0.014176444470562127,-0.12416527916527915,-0.009813557124481453,-0.12282939282939286,-0.0819249098240695,-0.012714433338051195,-0.051904206904206884,-0.059755832402891174,-0.03460666317809172,0.14133295276152416,-0.04026402169259313,0.011180127062479978,-0.04826241010451529,-0.05223238479540998]",10000,20260809,False
A2-A1,1.0,familiar_validation_macro_f1,-0.06009849326619287,-0.08776586867807498,-0.033256666158897386,fold_x_seed,"[0.004289611550116146,-0.07890948890849481,-0.11455505219777307,-0.05997114535438072,-0.0075907959351325105,-0.13852581107985776,-0.14407928422983673,-0.07842625017423827,-0.02208392621720795,-0.14044271038623968,-0.018458943209891054,0.03487381557861147,-0.03262534469762213,-0.061883617742547053,-0.043088455988399]",10000,20260809,False
A2-A1,1.0,position_probe_macro_f1,0.0042853881944801666,-0.01445743550908572,0.020765358634440064,fold_x_seed,"[0.04296266694167983,-0.014201798390681142,0.009626632584658679,4.872892280727292e-05,-0.09051126695199285,0.02382302892796384,-0.00951840747643351,0.02382302892796384,-0.01909090909090916,-0.02381762688058764,0.024050356903448034,0.028452288872027665,-0.019085433379250616,0.030722752135649012,0.05699678087085924]",10000,20260809,False
A2-A1,1.0,tagid_probe_macro_f1,-0.03730790128180662,-0.0701261070330066,-0.0016530865043028334,fold_x_seed,"[-0.09372852637558515,0.04894675352658548,-0.11591440305726018,-0.047074307578509195,-0.1555628638401747,-0.027656209336881593,-0.011157101780719658,-0.08328330399758974,-0.03638180213810466,-0.05147979005121858,0.137472051757766,-0.08950240235954526,0.03642520877814992,-0.045037698308374924,-0.02568412446563706]",10000,20260809,False
