relative_path,size_bytes,sha256
results/canonical_metrics/dann_v2/00_EXECUTIVE_SUMMARY.md,1717,d2ecbbf3d5bc3986a962e9039f6bba692756d949c9fb282d4d8c5aa0d344a1e1
results/canonical_metrics/dann_v2/01_GOVERNED_BASELINE_BINDING.json,2179,d414aa502419e6af9e8917797a86dc9824d45104dd79b07d4b401771ea28f531
results/canonical_metrics/dann_v2/02_DANN_V2_PREREGISTRATION.md,2726,bba5648a1fa1ef7181f5a293224f1aef8e8e4d1d2e10b0e5e97b6bea202ba271
results/canonical_metrics/dann_v2/03_POST_HOC_CLAIM_BOUNDARY.md,650,fb23f049875c64fd5f56474e5aeef888710db4b0d62f70084b8946f0cc52dbf0
results/canonical_metrics/dann_v2/05_MODEL_AND_CONTROL_DESIGN.md,756,db4d81fad160395ed7557382ec7515c8cb16906399a2747655bb87757d25d4f1
results/canonical_metrics/dann_v2/06_SHARED_LAMBDA_SCHEDULE_SPECIFICATION.md,686,96f64a9fa73c4a44c30640b2d460864c47baec504a110f16b8732249f637386a
results/canonical_metrics/dann_v2/07_GRADIENT_SIGN_AND_MAGNITUDE_TESTS.json,939,407e2437c94eb283b62735854417bc13194d381769cef73f7a9e714a4d78a085
results/canonical_metrics/dann_v2/08_DOMAIN_LABEL_AUDIT.csv,290,89e1941f91c1e5118479478a065762eee4d417f558dcaa0ff1ed287dd0046d1b
results/canonical_metrics/dann_v2/09_BATCHING_AUDIT.csv,29879419,4703734917765bf1233f2b33a94f5a7fec8a5baac27aca56f3529776ea8504a8
results/canonical_metrics/dann_v2/10_FOCUSED_TEST_RESULTS.txt,99,9e8553f8aad0b78e0522678f80b63c65c2c78b445f30dd6c6d6143bd3686066c
results/canonical_metrics/dann_v2/11_DEVELOPMENT_RUN_MANIFEST.csv,21737,77efbe8b14f26298d2273a6d04ae52e30da4d1336a88ad2549ff8016cebe1dfb
results/canonical_metrics/dann_v2/12_DEVELOPMENT_METRICS.csv,51710,a782b9fa6aa94e228f6ac63bdb5be909c44d7d3107dbad2206aec1756c810558
results/canonical_metrics/dann_v2/13_DEVELOPMENT_LAMBDA_TRAJECTORIES.csv,13716534,fc6bbbedeef4b7f5ef0e1196f185d0f016ac0c0c001b73e411ba205cf5cb61f7
results/canonical_metrics/dann_v2/14_FAMILIAR_SOURCE_RETENTION.csv,27048,43de207765b482b2e5887f602fe361035305697cb415a4a9a7562f4787fa1a0d
results/canonical_metrics/dann_v2/15_POSITION_PROBE_RESULTS.csv,33391,2a0c231ad9ad35b11686c90b53b35a553da3daa21ee44be3e80a7005a4c6d965
results/canonical_metrics/dann_v2/16_TAGID_PROBE_RESULTS.csv,33261,0ebd27a77cb09bc98f30c31ba91dedfce3d43177591b3e82214606b51bb6cc9f
results/canonical_metrics/dann_v2/17_OUTER_HELD_LOPO_DIAGNOSTIC.csv,28308,432aa9fb81389faad6b48982408b6bc116f6fd50605ef31d948c77f36e894026
results/canonical_metrics/dann_v2/18_DEVELOPMENT_UNCERTAINTY_INTERVALS.csv,19896,68b5fb69a2324ed020c2cb4053668b10080d8a43b3a33ff2088147ac8a844d6c
results/canonical_metrics/dann_v2/19_LAMBDA_SELECTION.json,6338,c75cea5b06cfead82752c777e62db97d47c619f80c05fb0826a3d8bd4fd90c1f
results/canonical_metrics/dann_v2/20_SOURCE_MECHANISM_GATE.json,991,7978488647dab29b9837b9a9971b6a64d0631ff74f5cf42438da3b6b12798443
results/canonical_metrics/dann_v2/21_FINAL_EPOCH_DERIVATION.json,684,2d377165a62f2b325e38dce52098ee65c4510b97045b7ebe21f614d38567cb4c
results/canonical_metrics/dann_v2/22_FINAL_TRAINING_MANIFEST.csv,3533,3fba25dfc8b8bde6173d5aae3cef0ba43a41bf5d79a7562f7daeb3ed540b10c1
results/canonical_metrics/dann_v2/23_FINAL_SOURCE_DIAGNOSTICS.csv,3604,dacc9da0e65df5ca68f3d3a34d894c95cb29f8a0731acf5f2b2e46d1abf8b155
results/canonical_metrics/dann_v2/24_PRE_P4_ACCESS_SEAL.json,8643,e9e84dcef863f0cb9fcc84bad6b46d1ec69a8d3bb9a191e6e7bafe6a65b19d62
results/canonical_metrics/dann_v2/25_FINAL_P4_RUN_MANIFEST.csv,3469,06b82c509de3c68154aaf3228e67599524dd226be50a70d51d4e151030fd0fdd
results/canonical_metrics/dann_v2/26_FINAL_P4_METRICS.csv,7288,3791b02c96e83d51bc6272764b100ac68c95eca963e8c2e686ee7265481744c0
results/canonical_metrics/dann_v2/27_P4_PAIRED_EFFECTS.csv,1409,f39d62da925bf053066836b1fc4b31a4959e4741b9e3fb6e995701a235553ebb
results/canonical_metrics/dann_v2/28_P4_UNCERTAINTY_INTERVALS.csv,2178,46ae0bbab2dec292170ab5ad49465ce970ce448a0b069bf3203dff31897cfa57
results/canonical_metrics/dann_v2/29_P4_CHANCE_REFERENCE.csv,361,a5abf04663f788b8691e493b171ba5c20471a3e2654f75d17ae187119be091e7
results/canonical_metrics/dann_v2/30_PER_TAGID_RESULTS.csv,8199,723b2721da68d107cbcd3ef6e5f2e484308e6ccf8ba63cc3660f2185200f617b
results/canonical_metrics/dann_v2/31_CONFUSION_MATRICES/confusion_matrices.csv,32635,876d2527c48a33c44e4ee16a602e9d58cdec99439b4d649b7cb704da88ee1eef
results/canonical_metrics/dann_v2/32_V1_VS_V2_COMPARISON.md,1169,9de3eb8ebf3a62bcbe9fc3087764859923c6e7364a6ed250abacd50855cd8799
results/canonical_metrics/dann_v2/33_MAIN_SCIENTIFIC_CLASSIFICATION.json,623,9e489fbfe7336de17119dfe599cab46480b1dbe139863481915240560843c40a
results/canonical_metrics/dann_v2/34_LIMITATIONS_AND_NON_CLAIMS.md,728,1adcf0ff37d244267515938412cfe0bdc8ebd5717b1629ccc0bf2592ab5051a7
results/canonical_metrics/dann_v2/35_REPRODUCTION_COMMANDS.md,1001,fa6d040de339a8a3506129593f8b9bfdeb0e2c0b78d3d0bcb90682428adf8f79
results/canonical_metrics/dann_v2/PRE_P4_ACCESS_SEAL.json,8643,e9e84dcef863f0cb9fcc84bad6b46d1ec69a8d3bb9a191e6e7bafe6a65b19d62
results/canonical_metrics/dann_v2/PRE_P4_ACCESS_SEAL.sha256,101,a094046d470f7e488b1ea5d1b62fdc2d5816eb1ee01077c3ec371ec537431170
