position,scheme,target_type,target,metric,replicates,estimate,ci_low,ci_high,note
P1,tagid_stratified_block_only,representation,RAW_SIGNAL_281,block_macro_f1,10000,0.5128380575227397,0.412752388539628,0.6122117212573955,
P1,tagid_stratified_block_only,representation,RAW_SIGNAL_281,block_accuracy,10000,0.5140409523809524,0.4126984126984127,0.6158730158730158,
P1,tagid_stratified_block_only,representation,FIRST_DIFFERENCE_280,block_macro_f1,10000,0.37587669858602835,0.29627146358956974,0.459513261566733,
P1,tagid_stratified_block_only,representation,FIRST_DIFFERENCE_280,block_accuracy,10000,0.39939619047619046,0.32063492063492066,0.4793650793650793,
P1,tagid_stratified_block_only,representation,C1_ENCODER_EMBEDDING,block_macro_f1,10000,0.7600264271885235,0.6858625698771292,0.8280284775084709,
P1,tagid_stratified_block_only,representation,C1_ENCODER_EMBEDDING,block_accuracy,10000,0.7648190476190475,0.6952380952380952,0.8317460317460317,
P1,tagid_stratified_block_only,representation_contrast,C1_ENCODER_EMBEDDING_MINUS_FIRST_DIFFERENCE_280,block_macro_f1_difference,10000,0.3841497286024952,0.26875478442699763,0.49252002925662125,
P1,tagid_stratified_block_only,representation_contrast,RAW_SIGNAL_281_MINUS_C1_ENCODER_EMBEDDING,block_macro_f1_difference,10000,-0.24718836966578386,-0.3708667609517656,-0.12012341150128157,
P1,tagid_stratified_block_only,representation_contrast,RAW_SIGNAL_281_MINUS_FIRST_DIFFERENCE_280,block_macro_f1_difference,10000,0.1369613589367113,0.04292804509735071,0.2308813858767313,
P1,block_plus_probe_seed,representation_contrast,C1_ENCODER_EMBEDDING_MINUS_FIRST_DIFFERENCE_280,block_macro_f1_difference,10000,0.38394881317400603,0.2238784456400964,0.5364953589653579,C1 probe and checkpoint seeds are preregistered as aligned and cannot be independently identified
P1,block_plus_probe_seed,representation_contrast,RAW_SIGNAL_281_MINUS_C1_ENCODER_EMBEDDING,block_macro_f1_difference,10000,-0.24718063487014225,-0.3911113564921042,-0.09705874557981166,C1 probe and checkpoint seeds are preregistered as aligned and cannot be independently identified
P1,block_plus_probe_seed,representation_contrast,RAW_SIGNAL_281_MINUS_FIRST_DIFFERENCE_280,block_macro_f1_difference,10000,0.13676817830386379,0.01885850629340663,0.24983389418348295,C1 probe and checkpoint seeds are preregistered as aligned and cannot be independently identified
P1,block_plus_checkpoint_seed,representation_contrast,C1_ENCODER_EMBEDDING_MINUS_FIRST_DIFFERENCE_280,block_macro_f1_difference,10000,0.38329352559391,0.24173596185349683,0.5192436040330334,C1 probe and checkpoint seeds are preregistered as aligned and cannot be independently identified
P1,block_plus_checkpoint_seed,representation_contrast,RAW_SIGNAL_281_MINUS_C1_ENCODER_EMBEDDING,block_macro_f1_difference,10000,-0.24715069194523104,-0.39373199850980845,-0.0962227808743103,C1 probe and checkpoint seeds are preregistered as aligned and cannot be independently identified
P1,block_plus_checkpoint_seed,representation_contrast,RAW_SIGNAL_281_MINUS_FIRST_DIFFERENCE_280,block_macro_f1_difference,10000,0.136142833648679,0.04289413402224154,0.22849809358716772,C1 probe and checkpoint seeds are preregistered as aligned and cannot be independently identified
P1,both_seed_dimensions,representation_contrast,C1_ENCODER_EMBEDDING_MINUS_FIRST_DIFFERENCE_280,block_macro_f1_difference,10000,0.38406080078989696,0.23357834163088143,0.5261855089021039,C1 probe and checkpoint seeds are preregistered as aligned and cannot be independently identified
P1,both_seed_dimensions,representation_contrast,RAW_SIGNAL_281_MINUS_C1_ENCODER_EMBEDDING,block_macro_f1_difference,10000,-0.24697151615691645,-0.39488923313173935,-0.09099299700977444,C1 probe and checkpoint seeds are preregistered as aligned and cannot be independently identified
P1,both_seed_dimensions,representation_contrast,RAW_SIGNAL_281_MINUS_FIRST_DIFFERENCE_280,block_macro_f1_difference,10000,0.13708928463298062,0.019947150738279854,0.252535535081971,C1 probe and checkpoint seeds are preregistered as aligned and cannot be independently identified
P1,fold_level_aggregate,representation_contrast,C1_ENCODER_EMBEDDING_MINUS_FIRST_DIFFERENCE_280,mean_fold_block_macro_f1_difference,10000,0.3740870112691541,0.1917233560090703,0.48435992578849724,three synchronized folds resampled as aggregate units
P1,fold_level_aggregate,representation_contrast,RAW_SIGNAL_281_MINUS_C1_ENCODER_EMBEDDING,mean_fold_block_macro_f1_difference,10000,-0.24267613419913414,-0.32444444444444454,-0.1897567511853227,three synchronized folds resampled as aggregate units
P1,fold_level_aggregate,representation_contrast,RAW_SIGNAL_281_MINUS_FIRST_DIFFERENCE_280,mean_fold_block_macro_f1_difference,10000,0.13141087707001994,0.0019666048237476086,0.26903731189445473,three synchronized folds resampled as aggregate units
P2,tagid_stratified_block_only,representation,RAW_SIGNAL_281,block_macro_f1,10000,0.26719286299359635,0.18468224264967717,0.3556972256958823,
P2,tagid_stratified_block_only,representation,RAW_SIGNAL_281,block_accuracy,10000,0.28142761904761904,0.19999999999999998,0.3682539682539682,
P2,tagid_stratified_block_only,representation,FIRST_DIFFERENCE_280,block_macro_f1,10000,0.24304949294357125,0.17120138155089284,0.32004150930005815,
P2,tagid_stratified_block_only,representation,FIRST_DIFFERENCE_280,block_accuracy,10000,0.26611936507936507,0.19047619047619047,0.346031746031746,
P2,tagid_stratified_block_only,representation,C1_ENCODER_EMBEDDING,block_macro_f1,10000,0.7595088354527466,0.6981735802134779,0.819473245243487,
P2,tagid_stratified_block_only,representation,C1_ENCODER_EMBEDDING,block_accuracy,10000,0.7716701587301587,0.7142857142857143,0.8253968253968254,
P2,tagid_stratified_block_only,representation_contrast,C1_ENCODER_EMBEDDING_MINUS_FIRST_DIFFERENCE_280,block_macro_f1_difference,10000,0.5164593425091755,0.42606534890805026,0.6061016499514906,
P2,tagid_stratified_block_only,representation_contrast,RAW_SIGNAL_281_MINUS_C1_ENCODER_EMBEDDING,block_macro_f1_difference,10000,-0.4923159724591504,-0.5869210244570727,-0.3949988410812748,
P2,tagid_stratified_block_only,representation_contrast,RAW_SIGNAL_281_MINUS_FIRST_DIFFERENCE_280,block_macro_f1_difference,10000,0.02414337005002513,-0.07306984434184607,0.12161699313844537,
P2,block_plus_probe_seed,representation_contrast,C1_ENCODER_EMBEDDING_MINUS_FIRST_DIFFERENCE_280,block_macro_f1_difference,10000,0.5151672889717084,0.37919831325784653,0.6318283426497822,C1 probe and checkpoint seeds are preregistered as aligned and cannot be independently identified
P2,block_plus_probe_seed,representation_contrast,RAW_SIGNAL_281_MINUS_C1_ENCODER_EMBEDDING,block_macro_f1_difference,10000,-0.4906088814921282,-0.616436249259539,-0.3549072992488956,C1 probe and checkpoint seeds are preregistered as aligned and cannot be independently identified
P2,block_plus_probe_seed,representation_contrast,RAW_SIGNAL_281_MINUS_FIRST_DIFFERENCE_280,block_macro_f1_difference,10000,0.024558407479580182,-0.10428445549380391,0.16165830771203363,C1 probe and checkpoint seeds are preregistered as aligned and cannot be independently identified
P2,block_plus_checkpoint_seed,representation_contrast,C1_ENCODER_EMBEDDING_MINUS_FIRST_DIFFERENCE_280,block_macro_f1_difference,10000,0.5156419599504802,0.3950941408794822,0.625786885842174,C1 probe and checkpoint seeds are preregistered as aligned and cannot be independently identified
P2,block_plus_checkpoint_seed,representation_contrast,RAW_SIGNAL_281_MINUS_C1_ENCODER_EMBEDDING,block_macro_f1_difference,10000,-0.49100962681802485,-0.6077621187551643,-0.3625941723598466,C1 probe and checkpoint seeds are preregistered as aligned and cannot be independently identified
P2,block_plus_checkpoint_seed,representation_contrast,RAW_SIGNAL_281_MINUS_FIRST_DIFFERENCE_280,block_macro_f1_difference,10000,0.024632333132455386,-0.0715373085862681,0.12103679134669497,C1 probe and checkpoint seeds are preregistered as aligned and cannot be independently identified
P2,both_seed_dimensions,representation_contrast,C1_ENCODER_EMBEDDING_MINUS_FIRST_DIFFERENCE_280,block_macro_f1_difference,10000,0.5158909375545035,0.3795628628370453,0.6351426591382614,C1 probe and checkpoint seeds are preregistered as aligned and cannot be independently identified
P2,both_seed_dimensions,representation_contrast,RAW_SIGNAL_281_MINUS_C1_ENCODER_EMBEDDING,block_macro_f1_difference,10000,-0.4913039744222143,-0.6165675042191132,-0.355617656548572,C1 probe and checkpoint seeds are preregistered as aligned and cannot be independently identified
P2,both_seed_dimensions,representation_contrast,RAW_SIGNAL_281_MINUS_FIRST_DIFFERENCE_280,block_macro_f1_difference,10000,0.02458696313228935,-0.10257321487300655,0.16270397907112058,C1 probe and checkpoint seeds are preregistered as aligned and cannot be independently identified
P2,fold_level_aggregate,representation_contrast,C1_ENCODER_EMBEDDING_MINUS_FIRST_DIFFERENCE_280,mean_fold_block_macro_f1_difference,10000,0.5076895819312962,0.44913419913419905,0.5795670995670996,three synchronized folds resampled as aggregate units
P2,fold_level_aggregate,representation_contrast,RAW_SIGNAL_281_MINUS_C1_ENCODER_EMBEDDING,mean_fold_block_macro_f1_difference,10000,-0.4963250362124647,-0.5740754483611628,-0.4458482787054216,three synchronized folds resampled as aggregate units
P2,fold_level_aggregate,representation_contrast,RAW_SIGNAL_281_MINUS_FIRST_DIFFERENCE_280,mean_fold_block_macro_f1_difference,10000,0.011364545718831403,-0.07992547135404282,0.133718820861678,three synchronized folds resampled as aggregate units
P3,tagid_stratified_block_only,representation,RAW_SIGNAL_281,block_macro_f1,10000,0.5300574760416463,0.4380869496157427,0.6219939923384715,
P3,tagid_stratified_block_only,representation,RAW_SIGNAL_281,block_accuracy,10000,0.5480228571428571,0.4603174603174603,0.634920634920635,
P3,tagid_stratified_block_only,representation,FIRST_DIFFERENCE_280,block_macro_f1,10000,0.34975966944446474,0.2664133936012672,0.43866776375045713,
P3,tagid_stratified_block_only,representation,FIRST_DIFFERENCE_280,block_accuracy,10000,0.3710434920634921,0.292063492063492,0.45396825396825397,
P3,tagid_stratified_block_only,representation,C1_ENCODER_EMBEDDING,block_macro_f1,10000,0.9084489470262037,0.8626354270293034,0.9478457786623422,
P3,tagid_stratified_block_only,representation,C1_ENCODER_EMBEDDING,block_accuracy,10000,0.9144841269841272,0.8730158730158729,0.9492063492063492,
P3,tagid_stratified_block_only,representation_contrast,C1_ENCODER_EMBEDDING_MINUS_FIRST_DIFFERENCE_280,block_macro_f1_difference,10000,0.558689277581739,0.4603230698987725,0.6498594036587508,
P3,tagid_stratified_block_only,representation_contrast,RAW_SIGNAL_281_MINUS_C1_ENCODER_EMBEDDING,block_macro_f1_difference,10000,-0.37839147098455744,-0.4823518806548079,-0.2722503820022939,
P3,tagid_stratified_block_only,representation_contrast,RAW_SIGNAL_281_MINUS_FIRST_DIFFERENCE_280,block_macro_f1_difference,10000,0.1802978065971817,0.08093333648454627,0.2778224401539077,
P3,block_plus_probe_seed,representation_contrast,C1_ENCODER_EMBEDDING_MINUS_FIRST_DIFFERENCE_280,block_macro_f1_difference,10000,0.5577473956028371,0.422742583250142,0.6904892318125753,C1 probe and checkpoint seeds are preregistered as aligned and cannot be independently identified
P3,block_plus_probe_seed,representation_contrast,RAW_SIGNAL_281_MINUS_C1_ENCODER_EMBEDDING,block_macro_f1_difference,10000,-0.37637352535272195,-0.5072699282621379,-0.24250420259210154,C1 probe and checkpoint seeds are preregistered as aligned and cannot be independently identified
P3,block_plus_probe_seed,representation_contrast,RAW_SIGNAL_281_MINUS_FIRST_DIFFERENCE_280,block_macro_f1_difference,10000,0.18137387025011523,0.0668265059573406,0.2950964938589912,C1 probe and checkpoint seeds are preregistered as aligned and cannot be independently identified
P3,block_plus_checkpoint_seed,representation_contrast,C1_ENCODER_EMBEDDING_MINUS_FIRST_DIFFERENCE_280,block_macro_f1_difference,10000,0.5582007742879038,0.4436826013441811,0.666242190479347,C1 probe and checkpoint seeds are preregistered as aligned and cannot be independently identified
P3,block_plus_checkpoint_seed,representation_contrast,RAW_SIGNAL_281_MINUS_C1_ENCODER_EMBEDDING,block_macro_f1_difference,10000,-0.37765987146559626,-0.49476749224997635,-0.2525518116038616,C1 probe and checkpoint seeds are preregistered as aligned and cannot be independently identified
P3,block_plus_checkpoint_seed,representation_contrast,RAW_SIGNAL_281_MINUS_FIRST_DIFFERENCE_280,block_macro_f1_difference,10000,0.1805409028223075,0.08025358467273548,0.27581623663995947,C1 probe and checkpoint seeds are preregistered as aligned and cannot be independently identified
P3,both_seed_dimensions,representation_contrast,C1_ENCODER_EMBEDDING_MINUS_FIRST_DIFFERENCE_280,block_macro_f1_difference,10000,0.5575600566226029,0.4321792835082929,0.6784164130201642,C1 probe and checkpoint seeds are preregistered as aligned and cannot be independently identified
P3,both_seed_dimensions,representation_contrast,RAW_SIGNAL_281_MINUS_C1_ENCODER_EMBEDDING,block_macro_f1_difference,10000,-0.3772273285443578,-0.503526961580747,-0.24586038865306892,C1 probe and checkpoint seeds are preregistered as aligned and cannot be independently identified
P3,both_seed_dimensions,representation_contrast,RAW_SIGNAL_281_MINUS_FIRST_DIFFERENCE_280,block_macro_f1_difference,10000,0.18033272807824502,0.06554980002786855,0.29493540855110695,C1 probe and checkpoint seeds are preregistered as aligned and cannot be independently identified
P3,fold_level_aggregate,representation_contrast,C1_ENCODER_EMBEDDING_MINUS_FIRST_DIFFERENCE_280,mean_fold_block_macro_f1_difference,10000,0.5723609804058376,0.4800453514739228,0.6676748648177218,three synchronized folds resampled as aggregate units
P3,fold_level_aggregate,representation_contrast,RAW_SIGNAL_281_MINUS_C1_ENCODER_EMBEDDING,mean_fold_block_macro_f1_difference,10000,-0.3786065661375661,-0.46625850340136044,-0.31131519274376407,three synchronized folds resampled as aggregate units
P3,fold_level_aggregate,representation_contrast,RAW_SIGNAL_281_MINUS_FIRST_DIFFERENCE_280,mean_fold_block_macro_f1_difference,10000,0.19375441426827136,0.16873015873015873,0.21146171289028437,three synchronized folds resampled as aggregate units
P4,tagid_stratified_block_only,representation,RAW_SIGNAL_281,block_macro_f1,10000,0.23904719206346425,0.1712104285853498,0.3119627008302801,
P4,tagid_stratified_block_only,representation,RAW_SIGNAL_281,block_accuracy,10000,0.2580711111111111,0.18730158730158727,0.3365079365079365,
P4,tagid_stratified_block_only,representation,FIRST_DIFFERENCE_280,block_macro_f1,10000,0.23159144316441102,0.1701964477601595,0.29855379748972233,
P4,tagid_stratified_block_only,representation,FIRST_DIFFERENCE_280,block_accuracy,10000,0.2538701587301587,0.19365079365079363,0.32063492063492066,
P4,tagid_stratified_block_only,representation,C1_ENCODER_EMBEDDING,block_macro_f1,10000,0.1439927639747321,0.09731135629855898,0.19294805179177132,
P4,tagid_stratified_block_only,representation,C1_ENCODER_EMBEDDING,block_accuracy,10000,0.15274888888888888,0.10158730158730159,0.20634920634920634,
P4,tagid_stratified_block_only,representation_contrast,C1_ENCODER_EMBEDDING_MINUS_FIRST_DIFFERENCE_280,block_macro_f1_difference,10000,-0.08759867918967891,-0.15425246723431832,-0.0235560097139516,
P4,tagid_stratified_block_only,representation_contrast,RAW_SIGNAL_281_MINUS_C1_ENCODER_EMBEDDING,block_macro_f1_difference,10000,0.09505442808873217,0.017298294627301525,0.1746540964722634,
P4,tagid_stratified_block_only,representation_contrast,RAW_SIGNAL_281_MINUS_FIRST_DIFFERENCE_280,block_macro_f1_difference,10000,0.007455748899053262,-0.07440718229315381,0.08875920238701704,
P4,block_plus_probe_seed,representation_contrast,C1_ENCODER_EMBEDDING_MINUS_FIRST_DIFFERENCE_280,block_macro_f1_difference,10000,-0.08790875529414584,-0.18610830994349065,0.01530830404001273,C1 probe and checkpoint seeds are preregistered as aligned and cannot be independently identified
P4,block_plus_probe_seed,representation_contrast,RAW_SIGNAL_281_MINUS_C1_ENCODER_EMBEDDING,block_macro_f1_difference,10000,0.09319808549869697,-0.001477375095595189,0.1891290100895243,C1 probe and checkpoint seeds are preregistered as aligned and cannot be independently identified
P4,block_plus_probe_seed,representation_contrast,RAW_SIGNAL_281_MINUS_FIRST_DIFFERENCE_280,block_macro_f1_difference,10000,0.0052893302045511304,-0.0974951925462748,0.11080370906770591,C1 probe and checkpoint seeds are preregistered as aligned and cannot be independently identified
P4,block_plus_checkpoint_seed,representation_contrast,C1_ENCODER_EMBEDDING_MINUS_FIRST_DIFFERENCE_280,block_macro_f1_difference,10000,-0.08826223576472852,-0.16405697425225663,-0.012375190018090967,C1 probe and checkpoint seeds are preregistered as aligned and cannot be independently identified
P4,block_plus_checkpoint_seed,representation_contrast,RAW_SIGNAL_281_MINUS_C1_ENCODER_EMBEDDING,block_macro_f1_difference,10000,0.09488241792133154,0.008548160016803918,0.1861649824993233,C1 probe and checkpoint seeds are preregistered as aligned and cannot be independently identified
P4,block_plus_checkpoint_seed,representation_contrast,RAW_SIGNAL_281_MINUS_FIRST_DIFFERENCE_280,block_macro_f1_difference,10000,0.006620182156602997,-0.07435799603940514,0.08680081547476691,C1 probe and checkpoint seeds are preregistered as aligned and cannot be independently identified
P4,both_seed_dimensions,representation_contrast,C1_ENCODER_EMBEDDING_MINUS_FIRST_DIFFERENCE_280,block_macro_f1_difference,10000,-0.08804688744709338,-0.1812194211764034,0.006450191364144335,C1 probe and checkpoint seeds are preregistered as aligned and cannot be independently identified
P4,both_seed_dimensions,representation_contrast,RAW_SIGNAL_281_MINUS_C1_ENCODER_EMBEDDING,block_macro_f1_difference,10000,0.09410848737683207,-0.0022636988745986294,0.19107483536607528,C1 probe and checkpoint seeds are preregistered as aligned and cannot be independently identified
P4,both_seed_dimensions,representation_contrast,RAW_SIGNAL_281_MINUS_FIRST_DIFFERENCE_280,block_macro_f1_difference,10000,0.006061599929738694,-0.09656729648274363,0.11616254102223368,C1 probe and checkpoint seeds are preregistered as aligned and cannot be independently identified
P4,fold_level_aggregate,representation_contrast,C1_ENCODER_EMBEDDING_MINUS_FIRST_DIFFERENCE_280,mean_fold_block_macro_f1_difference,10000,-0.08951188582317156,-0.1291424448567306,-0.04813012384440957,three synchronized folds resampled as aggregate units
P4,fold_level_aggregate,representation_contrast,RAW_SIGNAL_281_MINUS_C1_ENCODER_EMBEDDING,mean_fold_block_macro_f1_difference,10000,0.09468625383082524,0.04813234384662954,0.15616780045351475,three synchronized folds resampled as aggregate units
P4,fold_level_aggregate,representation_contrast,RAW_SIGNAL_281_MINUS_FIRST_DIFFERENCE_280,mean_fold_block_macro_f1_difference,10000,0.005174368007653706,-0.04276850133992993,0.03211930926216644,three synchronized folds resampled as aggregate units
