method,lambda_max,fold,held_position,seed,selected_epoch,epochs_executed,model_state_sha256,p4_used
ERM,0.0,S1,P1,42,15,23,779d1d58d7de6ae3a75b7b72fd329b19c5995b361311fa416141377fad4ca028,False
ERM,0.0,S1,P1,43,5,13,561e952b90334996c7aef72714bbf604efd06deccf519263899716ad604add63,False
ERM,0.0,S1,P1,44,14,22,0f2e7316afce5c7294a58f90728f7d26863b81ac11d8e3e04930ed8f8dee1e9c,False
ERM,0.0,S1,P1,45,2,10,c49f1ed19a5fbaa03aa6ccb8c0b1fb1902ab61610d0d49dfe001da53eeed1f49,False
ERM,0.0,S1,P1,46,2,10,2ec77eb3f75371696809de4c06163daafe6d90ad5d5dcee7cadaea8d24261785,False
ERM,0.0,S2,P2,42,6,14,7c05c61ce037df5295e1382dcf536696ad2d97d9ef5fbaf783bc5bb6f075986a,False
ERM,0.0,S2,P2,43,14,22,f7ddd8764931c8e28c9764d10d505e1b8f22656738d0ffd1a43d194062e71384,False
ERM,0.0,S2,P2,44,8,16,f13d8018c19cffee4bffd7a27895793f8873ad034f19cb27c932ab138006df62,False
ERM,0.0,S2,P2,45,14,22,cad1a9e50b3d3cdc9dde06c016ad4c24ca09d1e459f94dd7184039bad16c5c07,False
ERM,0.0,S2,P2,46,7,15,c71b9b930b9eab55d664b431935518f3dc02972d0abff42e6fe4b33c89ba6d52,False
ERM,0.0,S3,P3,42,6,14,0e52e6da807f81bd629d2f132ecc7ba5ff14e39002019f927321b822051b114b,False
ERM,0.0,S3,P3,43,11,19,25b3381cc078aca1881e8492091caf511826991ea4a1fce8e62cf92fb1acc932,False
ERM,0.0,S3,P3,44,3,11,d120da7241bee9f558f7b3709f97e0dbb1317be2ecbc556c209934a6e1baa018,False
ERM,0.0,S3,P3,45,2,10,5ae79ce754a842972fdb2542f9d96f77919d45a0867ae53548322bee402b3530,False
ERM,0.0,S3,P3,46,7,15,209bf9cbdb9e87549739e318c36bd06829f89cd6f4c885155683c045efc1218c,False
DANN,0.03,S1,P1,42,6,14,2fe85e05f1f0af64e99eda0a000a6dbc8918672738edf99b28ecc18102bbd941,False
DANN,0.03,S1,P1,43,10,18,91da030e5dd4904a126793c83c22ad2033569a11040a65d49f5341208ac7e6de,False
DANN,0.03,S1,P1,44,9,17,3dd5cf6cf01f49f981dfe5e234171170e2b2b88a52019a2ae104c088ac471ca1,False
DANN,0.03,S1,P1,45,10,18,d830fc89c623ef6f734ff3c7ec2d650a0614c86fc97c29680c86f22a0d4c62bd,False
DANN,0.03,S1,P1,46,2,10,d9e161762698d77bedb0a2235f55d6bd7dd7ba0ee716c6683d311aef56a67490,False
DANN,0.03,S2,P2,42,5,13,aa2c2a40ddb6a15122626887a0ca2d25a3ffc5efc9e19bab62354abd67fa0f40,False
DANN,0.03,S2,P2,43,7,15,cc847005d524913bf717703b3200139b02af95476fdb3acd219c0357051b0f19,False
DANN,0.03,S2,P2,44,20,28,00ac90d98a919aa4bbd072b2fbcf06fcc18dd36ab679ee792648458a071d2fbf,False
DANN,0.03,S2,P2,45,7,15,2f89944bdba47fa29bb1820a0f13fee562ce23cd7cda1f8cc9b688973075b911,False
DANN,0.03,S2,P2,46,6,14,9db257467b1009719a0b52e176bd776cf16f0d2075832e793a3a6119db818ce7,False
DANN,0.03,S3,P3,42,6,14,98fc06f34ed7e11be9b9c36c09c6a0081d6725eeb229582a34b04264e22c964c,False
DANN,0.03,S3,P3,43,4,12,6cdcb3c3c4e974dc92051b20043a7becdf709f497b5ca2c8f0307f1ef53f8ddd,False
DANN,0.03,S3,P3,44,2,10,516e55b1d015e43227015c418a48a334c6c294b5944f7a8b89af07b704eb2fd7,False
DANN,0.03,S3,P3,45,2,10,54a42f41bed6234ff127fdd7d3fd6112bf9631568d04e72b73f158f7f2c41d08,False
DANN,0.03,S3,P3,46,15,23,905c1884db0e9274a6de9f135a6f4b4a213a8c4f77d9f3b7108af582f133dff4,False
DANN,0.1,S1,P1,42,6,14,f0e92d52e86163ab758a753d1584caaa43716debf1741f1b911e0d73d966cc36,False
DANN,0.1,S1,P1,43,16,24,61f02734118699a5935af36704ea5d023837927377686aba18baf5bbb2d64ab2,False
DANN,0.1,S1,P1,44,17,25,f2cb7c47db7a450afd300521f6eaccc1fa7cbe0142cdc4197908b23351eee343,False
DANN,0.1,S1,P1,45,8,16,42e2f9ff6996be98f6f34fe230a5737a205fe1cdc176e77f93be45151ea1356d,False
DANN,0.1,S1,P1,46,2,10,0fdb68bfd4f76d1639f4afc4e33b75995f4b52c544b3b9ea17e4c1c698cc843f,False
DANN,0.1,S2,P2,42,13,21,930ada9e14b7ccbc30ec5f419e050a6e6a811100d973443627bc6cfc833b60ac,False
DANN,0.1,S2,P2,43,10,18,86d7b4c8f7cf3e066f674b4c288f8ec1dcd017d72ab22ed9f2e352a2f3158746,False
DANN,0.1,S2,P2,44,8,16,3f27a22a6b982ed656918ef98c4537cf3911b018f5e3c7ecfe2977298033fc80,False
DANN,0.1,S2,P2,45,14,22,fb9602114bd959eacba321b75b37161b52032d97c8805606b6ff6df94a9849f9,False
DANN,0.1,S2,P2,46,7,15,a196ee298b2a70aeb1e02500bed81d85ad9adf7bef91f9ddee879a28d1b56ab0,False
DANN,0.1,S3,P3,42,11,19,3a222052ce58120eb45df6f272ebace95079811f772d6cee63ce409d67cd3a6d,False
DANN,0.1,S3,P3,43,14,22,5958b7cef9b387a3fb93ab97252a10f3e92bf06029588e63c345d702df763faf,False
DANN,0.1,S3,P3,44,8,16,bc3407ce529386aff3979dea78c159e0f13b4b49ee4b5e0139cad3373927e23e,False
DANN,0.1,S3,P3,45,2,10,a7602a67e09020bd268ffd078eb40a7083815eb6ffbe8a4415ca2af240384880,False
DANN,0.1,S3,P3,46,6,14,745d051cd8fc7ead23afe5311f8fb58cd9f264648acd8f74fb43237050b50581,False
DANN,0.3,S1,P1,42,15,23,3a88aee99ee1b712f09793d9c6ae8f89369d8420b890bc963771aeadb6af45b5,False
DANN,0.3,S1,P1,43,7,15,693dd80bc819e5a8b1091482bfa6693ed5c0c390be0c27a9f90bbabb7e927571,False
DANN,0.3,S1,P1,44,19,27,5016e0384ddea4d24f858354f61541faac8138613cee7f36118de4b363805437,False
DANN,0.3,S1,P1,45,12,20,a15583214a9090c8fb006b1961287355e855d439933638c2b370d3c7f491b584,False
DANN,0.3,S1,P1,46,2,10,732de4ec9d3bc153546af658f89c2f05dfc049d74b33405173120e4dddb0d2ac,False
DANN,0.3,S2,P2,42,10,18,2864905c39a153a405b4d4b57d3d4eec8528109de22ac5551dcbb32290a77481,False
DANN,0.3,S2,P2,43,8,16,f8f4b33eb368b758d855a1a761dd997137496d60f91d436e8d70e8d8a36e8bf3,False
DANN,0.3,S2,P2,44,18,26,5db164b24ad01faebace097d28c2f24b0ffcf3b188e5a7d3ca2cc929f9caf70d,False
DANN,0.3,S2,P2,45,7,15,c44df1739d8d1fcc387fefbf5e3ac3c3410c295af7dec928aee0495fa85585ce,False
DANN,0.3,S2,P2,46,5,13,3ee146cf3d6b5488d115452e16c114eecea227eb6dd6f966eb04069d9b6fec5b,False
DANN,0.3,S3,P3,42,5,13,212bb5c5705bee45102a84ecbaab62601f19b4d115ad5bad952ee39a77348a40,False
DANN,0.3,S3,P3,43,15,23,71d6a1da6405c4e9abc7c8943ee10b870fc160938b2eb36032f2da30eefe49dd,False
DANN,0.3,S3,P3,44,2,10,a578ab5ae8b78b5c3712d05d1d7f0e9f9a1888c65ff2d9624f56dd965d268334,False
DANN,0.3,S3,P3,45,12,20,bf79f7ee2bb924c1b4b3c076133f89a2a1e8c83a54c0cff18e0857ecaf65efe6,False
DANN,0.3,S3,P3,46,15,23,458de4eca6391aa05e05a6bda932b34fed49a26e071cc78f8b42852a0da130f0,False
DANN,1.0,S1,P1,42,6,14,89d1529280a288fea5fd4d662a53f955847578ed3b49a8b067e65d84f9cd0e17,False
DANN,1.0,S1,P1,43,2,10,7013e5a63a8892ad509eb79a93909de82851d2687470b0538599df1e721836e6,False
DANN,1.0,S1,P1,44,7,15,5c66b028de1f4ac4e25be23d0c4f507a5264765bbdd2f29105514b4e7b242bb8,False
DANN,1.0,S1,P1,45,2,10,8cd2eb55cfc72730260a9b1e0d1b092e448ee9ea39b936fe908087c3e9565a4c,False
DANN,1.0,S1,P1,46,6,14,830aaa347735079349763d6185039c18264f5a29853f1a42f4e8516ab29b726e,False
DANN,1.0,S2,P2,42,10,18,68e853c7c6ce20307ddd28ef86f707a4a4b587165612725f6205613937c2b3b3,False
DANN,1.0,S2,P2,43,3,11,0933109c9c39ecd2ec01e075a772030456f0684d41982922c8cbf536884aae58,False
DANN,1.0,S2,P2,44,5,13,777ccc5fea790a0556d0fcd1635eaac22c5a83780ecf2b186b881f88a29efdd2,False
DANN,1.0,S2,P2,45,9,17,9783baf4f7d103c427429a620ec1f750124e000fa3f9f5609bdd562673628e95,False
DANN,1.0,S2,P2,46,3,11,9cb83ecba6f005c4dd234d61c06672e8b22b7ff372a142a6a3743008b44ce6e8,False
DANN,1.0,S3,P3,42,9,17,385290deaa08ee4110d70ab43afaf42f4e9c3c0e84b6c097898813c17ebbaec4,False
DANN,1.0,S3,P3,43,10,18,bd67dcec19e1f719fcf50516c4abeaf968ec2433575399b4d11ce0e30852d13b,False
DANN,1.0,S3,P3,44,2,10,c935f732a213afe4578f567c7d19d2278681b675f3cfeaaa25f56131f4de84d9,False
DANN,1.0,S3,P3,45,5,13,6fb83152c269c9ae4c13d8d5bed8ddd50fd4a92283dfa9da332ca99e5f59c30e,False
DANN,1.0,S3,P3,46,12,20,781309b4dd56523dafb17db8c72647776e2f516e6825959aa4b1e8cea66d8bbe,False
