method,budget,class_index,TagID,f1_mean,f1_sd
FROZEN_C1_SOURCE_ANCHORED_LINEAR_SOFTMAX,35,0,1,0.07322517439796636,0.05304117625269109
FROZEN_C1_SOURCE_ANCHORED_LINEAR_SOFTMAX,35,1,2,0.17315640861447337,0.07983405317281712
FROZEN_C1_SOURCE_ANCHORED_LINEAR_SOFTMAX,35,2,3,0.1818461318449802,0.05615620883839595
FROZEN_C1_SOURCE_ANCHORED_LINEAR_SOFTMAX,35,3,4,0.055482251367635425,0.04820760768077043
FROZEN_C1_SOURCE_ANCHORED_LINEAR_SOFTMAX,35,4,5,0.16324748999455935,0.06039812259659099
FROZEN_C1_SOURCE_ANCHORED_LINEAR_SOFTMAX,35,5,6,0.12132887760069526,0.06773591435229553
FROZEN_C1_SOURCE_ANCHORED_LINEAR_SOFTMAX,35,6,7,0.24442201960589233,0.052034008306104995
FROZEN_C1_SOURCE_ANCHORED_LINEAR_SOFTMAX,100,0,1,0.08698241861262312,0.050337930652642464
FROZEN_C1_SOURCE_ANCHORED_LINEAR_SOFTMAX,100,1,2,0.16629320018995558,0.08476870145736895
FROZEN_C1_SOURCE_ANCHORED_LINEAR_SOFTMAX,100,2,3,0.1811863344791955,0.050819873073952866
FROZEN_C1_SOURCE_ANCHORED_LINEAR_SOFTMAX,100,3,4,0.049641167898151185,0.048089606486805346
FROZEN_C1_SOURCE_ANCHORED_LINEAR_SOFTMAX,100,4,5,0.16684028283856045,0.05217777291019047
FROZEN_C1_SOURCE_ANCHORED_LINEAR_SOFTMAX,100,5,6,0.11899221177373835,0.069423010839741
FROZEN_C1_SOURCE_ANCHORED_LINEAR_SOFTMAX,100,6,7,0.23990083034616494,0.03959548864506766
FROZEN_C1_SOURCE_ANCHORED_LINEAR_SOFTMAX,500,0,1,0.08148076607368454,0.04447170558951009
FROZEN_C1_SOURCE_ANCHORED_LINEAR_SOFTMAX,500,1,2,0.1658458021034515,0.0932381962360247
FROZEN_C1_SOURCE_ANCHORED_LINEAR_SOFTMAX,500,2,3,0.179254180654735,0.055544272467725246
FROZEN_C1_SOURCE_ANCHORED_LINEAR_SOFTMAX,500,3,4,0.04353434495703894,0.03897380648216023
FROZEN_C1_SOURCE_ANCHORED_LINEAR_SOFTMAX,500,4,5,0.1663423332986613,0.049649485190304
FROZEN_C1_SOURCE_ANCHORED_LINEAR_SOFTMAX,500,5,6,0.125383054088453,0.07073774450461884
FROZEN_C1_SOURCE_ANCHORED_LINEAR_SOFTMAX,500,6,7,0.2373427570708334,0.03745420157916146
PARTIAL_C1_ENCODER_FINETUNING_LINEAR_SOFTMAX,35,0,1,0.07868216486475979,0.05584163791777471
PARTIAL_C1_ENCODER_FINETUNING_LINEAR_SOFTMAX,35,1,2,0.15848818680429422,0.07747885941283213
PARTIAL_C1_ENCODER_FINETUNING_LINEAR_SOFTMAX,35,2,3,0.18664906276047655,0.05410530656058327
PARTIAL_C1_ENCODER_FINETUNING_LINEAR_SOFTMAX,35,3,4,0.05763079694843122,0.05958247110109474
PARTIAL_C1_ENCODER_FINETUNING_LINEAR_SOFTMAX,35,4,5,0.14378942068424755,0.05896285568300465
PARTIAL_C1_ENCODER_FINETUNING_LINEAR_SOFTMAX,35,5,6,0.11001633768847084,0.06278239817697631
PARTIAL_C1_ENCODER_FINETUNING_LINEAR_SOFTMAX,35,6,7,0.2469302866460028,0.05439658718141704
PARTIAL_C1_ENCODER_FINETUNING_LINEAR_SOFTMAX,100,0,1,0.07757625140298792,0.05258249667878773
PARTIAL_C1_ENCODER_FINETUNING_LINEAR_SOFTMAX,100,1,2,0.14882863050083794,0.0837472926554035
PARTIAL_C1_ENCODER_FINETUNING_LINEAR_SOFTMAX,100,2,3,0.17993754861314476,0.05694178278241018
PARTIAL_C1_ENCODER_FINETUNING_LINEAR_SOFTMAX,100,3,4,0.047141958912086786,0.04763961895683779
PARTIAL_C1_ENCODER_FINETUNING_LINEAR_SOFTMAX,100,4,5,0.1517174557668803,0.05200775784472825
PARTIAL_C1_ENCODER_FINETUNING_LINEAR_SOFTMAX,100,5,6,0.09989868986871513,0.05678820596418585
PARTIAL_C1_ENCODER_FINETUNING_LINEAR_SOFTMAX,100,6,7,0.246770543351434,0.0507825420944409
PARTIAL_C1_ENCODER_FINETUNING_LINEAR_SOFTMAX,500,0,1,0.06873182954671718,0.048506856899180724
PARTIAL_C1_ENCODER_FINETUNING_LINEAR_SOFTMAX,500,1,2,0.14691411339381405,0.061763011962563404
PARTIAL_C1_ENCODER_FINETUNING_LINEAR_SOFTMAX,500,2,3,0.17502800886757103,0.05158230568968745
PARTIAL_C1_ENCODER_FINETUNING_LINEAR_SOFTMAX,500,3,4,0.040211652481972365,0.036960548411657024
PARTIAL_C1_ENCODER_FINETUNING_LINEAR_SOFTMAX,500,4,5,0.14829504313120098,0.04014264860533671
PARTIAL_C1_ENCODER_FINETUNING_LINEAR_SOFTMAX,500,5,6,0.09475564698002562,0.048086091854115984
PARTIAL_C1_ENCODER_FINETUNING_LINEAR_SOFTMAX,500,6,7,0.2490890563370735,0.056080901084985306
FULL_C1_ENCODER_FINETUNING_LINEAR_SOFTMAX,35,0,1,0.05627014202870541,0.05702152645675881
FULL_C1_ENCODER_FINETUNING_LINEAR_SOFTMAX,35,1,2,0.16241571283719447,0.06469687388980472
FULL_C1_ENCODER_FINETUNING_LINEAR_SOFTMAX,35,2,3,0.19620906621387924,0.06997027504719254
FULL_C1_ENCODER_FINETUNING_LINEAR_SOFTMAX,35,3,4,0.058479718908890435,0.05486315659337795
FULL_C1_ENCODER_FINETUNING_LINEAR_SOFTMAX,35,4,5,0.14511275420058886,0.05539666460387143
FULL_C1_ENCODER_FINETUNING_LINEAR_SOFTMAX,35,5,6,0.1020469087153406,0.07545211707096332
FULL_C1_ENCODER_FINETUNING_LINEAR_SOFTMAX,35,6,7,0.231995105960318,0.04828106727336153
FULL_C1_ENCODER_FINETUNING_LINEAR_SOFTMAX,100,0,1,0.05515915521466212,0.05159998560390883
FULL_C1_ENCODER_FINETUNING_LINEAR_SOFTMAX,100,1,2,0.1679007679461321,0.06898411294057243
FULL_C1_ENCODER_FINETUNING_LINEAR_SOFTMAX,100,2,3,0.1846512743665438,0.05459295948310677
FULL_C1_ENCODER_FINETUNING_LINEAR_SOFTMAX,100,3,4,0.044932937117413516,0.04428868707036786
FULL_C1_ENCODER_FINETUNING_LINEAR_SOFTMAX,100,4,5,0.149472044836196,0.04675002148642421
FULL_C1_ENCODER_FINETUNING_LINEAR_SOFTMAX,100,5,6,0.10158872477852944,0.06691723946257114
FULL_C1_ENCODER_FINETUNING_LINEAR_SOFTMAX,100,6,7,0.2273181914197921,0.04975479490739903
FULL_C1_ENCODER_FINETUNING_LINEAR_SOFTMAX,500,0,1,0.03989544104829654,0.048902399335123255
FULL_C1_ENCODER_FINETUNING_LINEAR_SOFTMAX,500,1,2,0.1861528036806706,0.051613784875660644
FULL_C1_ENCODER_FINETUNING_LINEAR_SOFTMAX,500,2,3,0.17830389377819228,0.05456546307775499
FULL_C1_ENCODER_FINETUNING_LINEAR_SOFTMAX,500,3,4,0.03410130080474027,0.04019459901786414
FULL_C1_ENCODER_FINETUNING_LINEAR_SOFTMAX,500,4,5,0.14731073802977965,0.04262455029939062
FULL_C1_ENCODER_FINETUNING_LINEAR_SOFTMAX,500,5,6,0.09552805944648471,0.06355002021595424
FULL_C1_ENCODER_FINETUNING_LINEAR_SOFTMAX,500,6,7,0.2259990460300289,0.044430294745598134
